date,close
2015-10-27,293.7879943847656
2015-10-28,304.6180114746094
2015-10-29,313.8550109863281
2015-10-30,328.0150146484375
2015-10-31,314.1659851074219
2015-11-01,325.4309997558594
2015-11-02,361.1889953613281
2015-11-03,403.4169921875
2015-11-04,411.56298828125
2015-11-05,386.35400390625
2015-11-06,374.4700012207031
2015-11-07,386.48199462890625
2015-11-08,373.3680114746094
2015-11-09,380.2569885253906
2015-11-10,336.8190002441406
2015-11-11,311.0840148925781
2015-11-12,338.1520080566406
2015-11-13,336.75299072265625
2015-11-14,332.906005859375
2015-11-15,320.1659851074219
2015-11-16,330.7510070800781
2015-11-17,335.093994140625
2015-11-18,334.5899963378906
2015-11-19,326.14898681640625
2015-11-20,322.0220031738281
2015-11-21,326.927001953125
2015-11-22,324.5360107421875
2015-11-23,323.0459899902344
2015-11-24,320.0459899902344
2015-11-25,328.20599365234375
2015-11-26,352.6839904785156
2015-11-27,358.0419921875
2015-11-28,357.3810119628906
2015-11-29,371.29400634765625
2015-11-30,377.3210144042969
2015-12-01,362.4880065917969
2015-12-02,359.18701171875
2015-12-03,361.0459899902344
2015-12-04,363.1830139160156
2015-12-05,388.9490051269531
2015-12-06,388.7829895019531
2015-12-07,395.5360107421875
2015-12-08,415.56298828125
2015-12-09,417.56298828125
2015-12-10,415.47900390625
2015-12-11,451.93798828125
2015-12-12,434.99700927734375
2015-12-13,433.7550048828125
2015-12-14,444.1820068359375
2015-12-15,465.3210144042969
2015-12-16,454.9339904785156
2015-12-17,456.0780029296875
2015-12-18,463.6159973144531
2015-12-19,462.3219909667969
2015-12-20,442.68499755859375
2015-12-21,438.6390075683594
2015-12-22,436.5719909667969
2015-12-23,442.4010009765625
2015-12-24,454.9849853515625
2015-12-25,455.65301513671875
2015-12-26,417.27398681640625
2015-12-27,422.822998046875
2015-12-28,422.27899169921875
2015-12-29,432.9830017089844
2015-12-30,426.6199951171875
2015-12-31,430.5669860839844
2016-01-01,434.3340148925781
2016-01-02,433.43798828125
2016-01-03,430.010986328125
2016-01-04,433.09100341796875
2016-01-05,431.9599914550781
2016-01-06,429.1050109863281
2016-01-07,458.0480041503906
2016-01-08,453.2300109863281
2016-01-09,447.6109924316406
2016-01-10,447.9909973144531
2016-01-11,448.4280090332031
2016-01-12,435.69000244140625
2016-01-13,432.3710021972656
2016-01-14,430.3059997558594
2016-01-15,364.33099365234375
2016-01-16,387.5360107421875
2016-01-17,382.29901123046875
2016-01-18,387.1679992675781
2016-01-19,380.14898681640625
2016-01-20,420.2300109863281
2016-01-21,410.2619934082031
2016-01-22,382.49200439453125
2016-01-23,387.4909973144531
2016-01-24,402.97100830078125
2016-01-25,391.72601318359375
2016-01-26,392.15301513671875
2016-01-27,394.97198486328125
2016-01-28,380.28900146484375
2016-01-29,379.4739990234375
2016-01-30,378.2550048828125
2016-01-31,368.7669982910156
2016-02-01,373.0559997558594
2016-02-02,374.447998046875
2016-02-03,369.9490051269531
2016-02-04,389.593994140625
2016-02-05,386.54901123046875
2016-02-06,376.5220031738281
2016-02-07,376.6199951171875
2016-02-08,373.4469909667969
2016-02-09,376.02899169921875
2016-02-10,381.64898681640625
2016-02-11,379.65399169921875
2016-02-12,384.26300048828125
2016-02-13,391.8599853515625
2016-02-14,407.2300109863281
2016-02-15,400.18499755859375
2016-02-16,407.4880065917969
2016-02-17,416.3219909667969
2016-02-18,422.37298583984375
2016-02-19,420.7850036621094
2016-02-20,437.16400146484375
2016-02-21,438.7980041503906
2016-02-22,437.74798583984375
2016-02-23,420.7359924316406
2016-02-24,424.9549865722656
2016-02-25,424.54400634765625
2016-02-26,432.1520080566406
2016-02-27,432.5190124511719
2016-02-28,433.5039978027344
2016-02-29,437.6969909667969
2016-03-01,435.12298583984375
2016-03-02,423.989013671875
2016-03-03,421.6510009765625
2016-03-04,410.9389953613281
2016-03-05,400.57000732421875
2016-03-06,407.7070007324219
2016-03-07,414.3210144042969
2016-03-08,413.97198486328125
2016-03-09,414.8599853515625
2016-03-10,417.1310119628906
2016-03-11,421.69000244140625
2016-03-12,411.6239929199219
2016-03-13,414.06500244140625
2016-03-14,416.43798828125
2016-03-15,416.8299865722656
2016-03-16,417.010986328125
2016-03-17,420.6210021972656
2016-03-18,409.5480041503906
2016-03-19,410.4440002441406
2016-03-20,413.7550048828125
2016-03-21,413.3070068359375
2016-03-22,418.0889892578125
2016-03-23,418.0409851074219
2016-03-24,416.3940124511719
2016-03-25,417.177001953125
2016-03-26,417.94500732421875
2016-03-27,426.7650146484375
2016-03-27,424.2309875488281
2016-03-28,416.5159912109375
2016-03-29,414.8160095214844
2016-03-30,416.72900390625
2016-03-31,417.9599914550781
2016-04-01,420.87298583984375
2016-04-02,420.90399169921875
2016-04-03,421.4440002441406
2016-04-04,424.0299987792969
2016-04-05,423.4129943847656
2016-04-06,422.7449951171875
2016-04-07,420.3489990234375
2016-04-08,419.4110107421875
2016-04-09,421.5639953613281
2016-04-10,422.4830017089844
2016-04-11,425.19000244140625
2016-04-12,423.7340087890625
2016-04-13,424.2820129394531
2016-04-14,429.7130126953125
2016-04-15,430.5719909667969
2016-04-16,427.39898681640625
2016-04-17,428.59100341796875
2016-04-18,435.5090026855469
2016-04-19,441.3890075683594
2016-04-20,449.42498779296875
2016-04-21,445.73699951171875
2016-04-22,450.2820129394531
2016-04-23,458.55499267578125
2016-04-24,461.4259948730469
2016-04-25,466.0889892578125
2016-04-26,444.68701171875
2016-04-27,449.010986328125
2016-04-28,455.09698486328125
2016-04-29,448.3179931640625
2016-04-30,451.875
2016-05-01,444.66900634765625
2016-05-02,450.3039855957031
2016-05-03,446.72198486328125
2016-05-04,447.97601318359375
2016-05-05,459.6029968261719
2016-05-06,458.5360107421875
2016-05-07,458.5480041503906
2016-05-08,460.4830017089844
2016-05-09,450.8949890136719
2016-05-10,452.7279968261719
2016-05-11,454.7659912109375
2016-05-12,455.6700134277344
2016-05-13,455.6709899902344
2016-05-14,457.5679931640625
2016-05-15,454.1629943847656
2016-05-16,453.7829895019531
2016-05-17,454.6189880371094
2016-05-18,438.7149963378906
2016-05-19,442.6759948730469
2016-05-20,443.18798828125
2016-05-21,439.322998046875
2016-05-22,444.1549987792969
2016-05-23,445.9809875488281
2016-05-24,449.5989990234375
2016-05-25,453.3840026855469
2016-05-26,473.4639892578125
2016-05-27,530.0399780273438
2016-05-28,526.2329711914062
2016-05-29,533.864013671875
2016-05-30,531.385986328125
2016-05-31,536.9199829101562
2016-06-01,537.9719848632812
2016-06-02,569.1939697265625
2016-06-03,572.7269897460938
2016-06-04,574.9769897460938
2016-06-05,585.5369873046875
2016-06-06,576.5969848632812
2016-06-07,581.64501953125
2016-06-08,574.6300048828125
2016-06-09,577.469970703125
2016-06-10,606.7269897460938
2016-06-11,672.7839965820312
2016-06-12,704.3759765625
2016-06-13,685.5590209960938
2016-06-14,694.468994140625
2016-06-15,766.3079833984375
2016-06-16,748.9089965820312
2016-06-17,756.2269897460938
2016-06-18,763.781005859375
2016-06-19,737.2260131835938
2016-06-20,666.6519775390625
2016-06-21,596.1160278320312
2016-06-22,623.9769897460938
2016-06-23,665.2990112304688
2016-06-24,665.1229858398438
2016-06-25,629.3670043945312
2016-06-26,655.2750244140625
2016-06-27,647.0009765625
2016-06-28,639.8900146484375
2016-06-29,673.3369750976562
2016-06-30,676.2960205078125
2016-07-01,703.7020263671875
2016-07-02,658.6640014648438
2016-07-03,683.6619873046875
2016-07-04,670.6270141601562
2016-07-05,677.3309936523438
2016-07-06,640.56201171875
2016-07-07,666.5230102539062
2016-07-08,650.9600219726562
2016-07-09,649.3599853515625
2016-07-10,647.6589965820312
2016-07-11,664.551025390625
2016-07-12,654.468017578125
2016-07-13,658.0780029296875
2016-07-14,663.2550048828125
2016-07-15,660.7670288085938
2016-07-16,679.458984375
2016-07-17,673.1060180664062
2016-07-18,672.864013671875
2016-07-19,665.6849975585938
2016-07-20,665.0120239257812
2016-07-21,650.6190185546875
2016-07-22,655.5560302734375
2016-07-23,661.2849731445312
2016-07-24,654.0969848632812
2016-07-25,651.7839965820312
2016-07-26,654.3519897460938
2016-07-27,655.0349731445312
2016-07-28,656.9920043945312
2016-07-29,655.0469970703125
2016-07-30,624.6810302734375
2016-07-31,606.27197265625
2016-08-01,547.4650268554688
2016-08-02,566.35498046875
2016-08-03,578.2890014648438
2016-08-04,575.0430297851562
2016-08-05,587.7780151367188
2016-08-06,592.6900024414062
2016-08-07,591.0540161132812
2016-08-08,587.801025390625
2016-08-09,592.10302734375
2016-08-10,589.1199951171875
2016-08-11,587.5590209960938
2016-08-12,585.5880126953125
2016-08-13,570.4730224609375
2016-08-14,567.239990234375
2016-08-15,577.4390258789062
2016-08-16,573.2160034179688
2016-08-17,574.3179931640625
2016-08-18,575.6300048828125
2016-08-19,581.697021484375
2016-08-20,581.3079833984375
2016-08-21,586.7529907226562
2016-08-22,583.4149780273438
2016-08-23,580.1820068359375
2016-08-24,577.760986328125
2016-08-25,579.6510009765625
2016-08-26,569.947021484375
2016-08-27,573.9119873046875
2016-08-28,574.1069946289062
2016-08-29,577.5029907226562
2016-08-30,575.4719848632812
2016-08-31,572.302978515625
2016-09-01,575.5369873046875
2016-09-02,598.2119750976562
2016-09-03,608.6339721679688
2016-09-04,606.5900268554688
2016-09-05,610.4359741210938
2016-09-06,614.5440063476562
2016-09-07,626.3159790039062
2016-09-08,622.8610229492188
2016-09-09,623.5089721679688
2016-09-10,606.718994140625
2016-09-11,608.2429809570312
2016-09-12,609.2410278320312
2016-09-13,610.6840209960938
2016-09-14,607.155029296875
2016-09-15,606.9730224609375
2016-09-16,605.9840087890625
2016-09-17,609.8740234375
2016-09-18,609.2269897460938
2016-09-19,608.31201171875
2016-09-20,597.1489868164062
2016-09-21,596.2979736328125
2016-09-22,602.8419799804688
2016-09-23,602.625
2016-09-24,600.8259887695312
2016-09-25,608.0430297851562
2016-09-26,606.166015625
2016-09-27,604.72802734375
2016-09-28,605.6929931640625
2016-09-29,609.7349853515625
2016-09-30,613.9829711914062
2016-10-01,610.8920288085938
2016-10-02,612.1329956054688
2016-10-03,610.2039794921875
2016-10-04,612.510986328125
2016-10-05,613.02099609375
2016-10-06,617.1209716796875
2016-10-07,619.1079711914062
2016-10-08,616.7520141601562
2016-10-09,618.9940185546875
2016-10-10,641.072021484375
2016-10-11,636.1920166015625
2016-10-12,636.7860107421875
2016-10-13,640.3779907226562
2016-10-14,638.64599609375
2016-10-15,641.6309814453125
2016-10-16,639.1929931640625
2016-10-17,637.9600219726562
2016-10-18,630.52001953125
2016-10-19,630.8569946289062
2016-10-20,632.8280029296875
2016-10-21,657.2940063476562
2016-10-22,657.0709838867188
2016-10-23,653.760986328125
2016-10-24,657.5880126953125
2016-10-25,678.3040161132812
2016-10-26,688.31298828125
2016-10-27,689.6510009765625
2016-10-28,714.47900390625
2016-10-29,701.864013671875
2016-10-31,700.9719848632812
2016-11-01,729.7930297851562
2016-11-02,740.8289794921875
2016-11-03,688.7000122070312
2016-11-04,703.2349853515625
2016-11-05,703.4180297851562
2016-11-06,711.52197265625
2016-11-07,703.1309814453125
2016-11-08,709.8480224609375
2016-11-09,723.2730102539062
2016-11-10,715.5339965820312
2016-11-11,716.4110107421875
2016-11-12,705.0540161132812
2016-11-13,702.031005859375
2016-11-14,705.02099609375
2016-11-15,711.6190185546875
2016-11-16,744.197998046875
2016-11-17,740.9769897460938
2016-11-18,751.5850219726562
2016-11-19,751.6160278320312
2016-11-20,731.0260009765625
2016-11-21,739.2479858398438
2016-11-22,751.3469848632812
2016-11-23,744.593994140625
2016-11-24,740.2890014648438
2016-11-25,741.6489868164062
2016-11-26,735.3820190429688
2016-11-27,732.0349731445312
2016-11-28,735.81298828125
2016-11-29,735.60400390625
2016-11-30,745.6909790039062
2016-12-01,756.7739868164062
2016-12-02,777.9439697265625
2016-12-03,771.155029296875
2016-12-04,773.8720092773438
2016-12-05,758.7000122070312
2016-12-06,764.2239990234375
2016-12-07,768.1320190429688
2016-12-08,770.8099975585938
2016-12-09,772.7940063476562
2016-12-10,774.6500244140625
2016-12-11,769.7310180664062
2016-12-12,780.0869750976562
2016-12-13,780.5560302734375
2016-12-14,781.4810180664062
2016-12-15,778.0880126953125
2016-12-16,784.906982421875
2016-12-17,790.8289794921875
2016-12-18,790.530029296875
2016-12-19,792.7139892578125
2016-12-20,800.8759765625
2016-12-21,834.281005859375
2016-12-22,864.5399780273438
2016-12-23,921.9840087890625
2016-12-24,898.822021484375
2016-12-25,896.1829833984375
2016-12-26,907.6099853515625
2016-12-27,933.197998046875
2016-12-28,975.9210205078125
2016-12-29,973.4970092773438
2016-12-30,961.2379760742188
2016-12-31,963.7429809570312
2017-01-01,998.3250122070312
2017-01-02,1021.75
2017-01-03,1043.8399658203125
2017-01-04,1154.72998046875
2017-01-05,1013.3800048828125
2017-01-06,902.2009887695312
2017-01-07,908.5850219726562
2017-01-08,911.198974609375
2017-01-09,902.8280029296875
2017-01-10,907.6790161132812
2017-01-11,777.7570190429688
2017-01-12,804.833984375
2017-01-13,823.9840087890625
2017-01-14,818.4119873046875
2017-01-15,821.7979736328125
2017-01-16,831.5339965820312
2017-01-17,907.93798828125
2017-01-18,886.6179809570312
2017-01-19,899.072998046875
2017-01-20,895.0260009765625
2017-01-21,921.7890014648438
2017-01-22,924.6729736328125
2017-01-23,921.0120239257812
2017-01-24,892.68701171875
2017-01-25,901.5419921875
2017-01-26,917.5859985351562
2017-01-27,919.75
2017-01-28,921.5900268554688
2017-01-29,919.4959716796875
2017-01-30,920.3820190429688
2017-01-31,970.4030151367188
2017-02-01,989.0230102539062
2017-02-02,1011.7999877929688
2017-02-03,1029.9100341796875
2017-02-04,1042.9000244140625
2017-02-05,1027.3399658203125
2017-02-06,1038.1500244140625
2017-02-07,1061.3499755859375
2017-02-08,1063.0699462890625
2017-02-09,994.3829956054688
2017-02-10,988.6740112304688
2017-02-11,1004.4500122070312
2017-02-12,999.1810302734375
2017-02-13,990.6420288085938
2017-02-14,1004.5499877929688
2017-02-15,1007.47998046875
2017-02-16,1027.43994140625
2017-02-17,1046.2099609375
2017-02-18,1054.4200439453125
2017-02-19,1047.8699951171875
2017-02-20,1079.97998046875
2017-02-21,1115.300048828125
2017-02-22,1117.43994140625
2017-02-23,1166.719970703125
2017-02-24,1173.6800537109375
2017-02-25,1143.8399658203125
2017-02-26,1165.199951171875
2017-02-27,1179.969970703125
2017-02-28,1179.969970703125
2017-03-01,1222.5
2017-03-02,1251.010009765625
2017-03-03,1274.989990234375
2017-03-04,1255.1500244140625
2017-03-05,1267.1199951171875
2017-03-06,1272.8299560546875
2017-03-07,1223.5400390625
2017-03-08,1150.0
2017-03-09,1188.489990234375
2017-03-10,1116.719970703125
2017-03-11,1175.8299560546875
2017-03-12,1221.3800048828125
2017-03-13,1231.9200439453125
2017-03-14,1240.0
2017-03-15,1249.6099853515625
2017-03-16,1187.81005859375
2017-03-17,1100.22998046875
2017-03-18,973.8179931640625
2017-03-19,1036.739990234375
2017-03-20,1054.22998046875
2017-03-21,1120.5400390625
2017-03-22,1049.1400146484375
2017-03-23,1038.5899658203125
2017-03-24,937.52001953125
2017-03-25,972.7789916992188
2017-03-26,966.7249755859375
2017-03-26,1045.77001953125
2017-03-27,1047.1500244140625
2017-03-28,1039.969970703125
2017-03-29,1026.4300537109375
2017-03-30,1071.7900390625
2017-03-31,1080.5
2017-04-01,1102.1700439453125
2017-04-02,1143.81005859375
2017-04-03,1133.25
2017-04-04,1124.780029296875
2017-04-05,1182.6800537109375
2017-04-06,1176.9000244140625
2017-04-07,1175.949951171875
2017-04-08,1187.8699951171875
2017-04-09,1187.1300048828125
2017-04-10,1205.010009765625
2017-04-11,1200.3699951171875
2017-04-12,1169.280029296875
2017-04-13,1167.5400390625
2017-04-14,1172.52001953125
2017-04-15,1182.93994140625
2017-04-16,1193.9100341796875
2017-04-17,1211.6700439453125
2017-04-18,1210.2900390625
2017-04-19,1229.0799560546875
2017-04-20,1222.050048828125
2017-04-21,1231.7099609375
2017-04-22,1207.2099609375
2017-04-23,1250.1500244140625
2017-04-24,1265.489990234375
2017-04-25,1281.0799560546875
2017-04-26,1317.7299804687495
2017-04-27,1316.47998046875
2017-04-28,1321.7900390625
2017-04-29,1347.890014648438
2017-04-30,1421.599975585937
2017-05-01,1452.819946289063
2017-05-02,1490.0899658203125
2017-05-03,1537.670043945313
2017-05-04,1555.4499511718755
2017-05-05,1578.8000488281255
2017-05-06,1596.7099609375
2017-05-07,1723.3499755859375
2017-05-08,1755.3599853515625
2017-05-09,1787.1300048828125
2017-05-10,1848.5699462890625
2017-05-11,1724.239990234375
2017-05-12,1804.9100341796875
2017-05-13,1808.9100341796875
2017-05-14,1738.4300537109375
2017-05-15,1734.449951171875
2017-05-16,1839.0899658203125
2017-05-17,1888.6500244140625
2017-05-18,1987.7099609375
2017-05-19,2084.72998046875
2017-05-20,2041.199951171875
2017-05-21,2173.39990234375
2017-05-22,2320.419921875
2017-05-23,2443.639892578125
2017-05-24,2304.97998046875
2017-05-25,2202.419921875
2017-05-26,2038.8699951171875
2017-05-27,2155.800048828125
2017-05-28,2255.610107421875
2017-05-29,2175.469970703125
2017-05-30,2286.409912109375
2017-05-31,2407.8798828125
2017-06-01,2488.550048828125
2017-06-02,2515.35009765625
2017-06-03,2511.81005859375
2017-06-04,2686.81005859375
2017-06-05,2863.199951171875
2017-06-06,2732.159912109375
2017-06-07,2805.6201171875
2017-06-08,2823.81005859375
2017-06-09,2947.7099609375
2017-06-10,2958.110107421875
2017-06-11,2659.6298828125
2017-06-12,2717.02001953125
2017-06-13,2506.3701171875
2017-06-14,2464.580078125
2017-06-15,2518.56005859375
2017-06-16,2655.8798828125
2017-06-17,2548.2900390625
2017-06-18,2589.60009765625
2017-06-19,2721.7900390625
2017-06-20,2689.10009765625
2017-06-21,2705.409912109375
2017-06-22,2744.909912109375
2017-06-23,2608.719970703125
2017-06-24,2589.409912109375
2017-06-25,2478.449951171875
2017-06-26,2552.449951171875
2017-06-27,2574.7900390625
2017-06-28,2539.320068359375
2017-06-29,2480.840087890625
2017-06-30,2434.550048828125
2017-07-01,2506.469970703125
2017-07-02,2564.06005859375
2017-07-03,2601.639892578125
2017-07-04,2601.989990234375
2017-07-05,2608.56005859375
2017-07-06,2518.659912109375
2017-07-07,2571.340087890625
2017-07-08,2518.43994140625
2017-07-09,2372.56005859375
2017-07-10,2337.7900390625
2017-07-11,2398.840087890625
2017-07-12,2357.89990234375
2017-07-13,2233.340087890625
2017-07-14,1998.8599853515625
2017-07-15,1929.8199462890625
2017-07-16,2228.409912109375
2017-07-17,2318.8798828125
2017-07-18,2273.429931640625
2017-07-19,2817.60009765625
2017-07-20,2667.760009765625
2017-07-21,2810.1201171875
2017-07-22,2730.39990234375
2017-07-23,2754.860107421875
2017-07-24,2576.47998046875
2017-07-25,2529.449951171875
2017-07-26,2671.780029296875
2017-07-27,2809.010009765625
2017-07-28,2726.449951171875
2017-07-29,2757.179931640625
2017-07-30,2875.340087890625
2017-07-31,2718.260009765625
2017-08-01,2710.669921875
2017-08-02,2804.72998046875
2017-08-03,2895.889892578125
2017-08-04,3252.909912109375
2017-08-05,3213.93994140625
2017-08-06,3378.93994140625
2017-08-07,3419.93994140625
2017-08-08,3342.469970703125
2017-08-09,3381.280029296875
2017-08-10,3650.6201171875
2017-08-11,3884.7099609375
2017-08-12,4073.260009765625
2017-08-13,4325.1298828125
2017-08-14,4181.93017578125
2017-08-15,4376.6298828125
2017-08-16,4331.68994140625
2017-08-17,4160.6201171875
2017-08-18,4193.7001953125
2017-08-19,4087.659912109375
2017-08-20,4001.739990234375
2017-08-21,4100.52001953125
2017-08-22,4151.52001953125
2017-08-23,4334.68017578125
2017-08-24,4371.60009765625
2017-08-25,4352.39990234375
2017-08-26,4382.8798828125
2017-08-27,4382.66015625
2017-08-28,4579.02001953125
2017-08-29,4565.2998046875
2017-08-30,4703.39013671875
2017-08-31,4892.009765625
2017-09-01,4578.77001953125
2017-09-02,4582.9599609375
2017-09-03,4236.31005859375
2017-09-04,4376.52978515625
2017-09-05,4597.1201171875
2017-09-06,4599.8798828125
2017-09-07,4228.75
2017-09-08,4226.06005859375
2017-09-09,4122.93994140625
2017-09-10,4161.27001953125
2017-09-11,4130.81005859375
2017-09-12,3882.590087890625
2017-09-13,3154.949951171875
2017-09-14,3637.52001953125
2017-09-15,3625.0400390625
2017-09-16,3582.8798828125
2017-09-17,4065.199951171875
2017-09-18,3924.969970703125
2017-09-19,3905.949951171875
2017-09-20,3631.0400390625
2017-09-21,3630.699951171875
2017-09-22,3792.39990234375
2017-09-23,3682.840087890625
2017-09-24,3926.070068359375
2017-09-25,3892.35009765625
2017-09-26,4200.669921875
2017-09-27,4174.72998046875
2017-09-28,4163.06982421875
2017-09-29,4338.7099609375
2017-09-30,4403.740234375
2017-10-01,4409.31982421875
2017-10-02,4317.47998046875
2017-10-03,4229.35986328125
2017-10-04,4328.41015625
2017-10-05,4370.81005859375
2017-10-06,4426.89013671875
2017-10-07,4610.47998046875
2017-10-08,4772.02001953125
2017-10-09,4781.990234375
2017-10-10,4826.47998046875
2017-10-11,5446.91015625
2017-10-12,5647.2099609375
2017-10-13,5831.7900390625
2017-10-14,5678.18994140625
2017-10-15,5725.58984375
2017-10-16,5605.509765625
2017-10-17,5590.68994140625
2017-10-18,5708.52001953125
2017-10-19,6011.4501953125
2017-10-20,6031.60009765625
2017-10-21,6008.419921875
2017-10-22,5930.31982421875
2017-10-23,5526.64013671875
2017-10-24,5750.7998046875
2017-10-25,5904.830078125
2017-10-26,5780.89990234375
2017-10-27,5753.08984375
2017-10-28,6153.85009765625
2017-10-30,6130.52978515625
2017-10-31,6468.39990234375
2017-11-01,6767.31005859375
2017-11-02,7078.5
2017-11-03,7207.759765625
2017-11-04,7379.9501953125
2017-11-05,7407.41015625
2017-11-06,7022.759765625
2017-11-07,7144.3798828125
2017-11-08,7459.68994140625
2017-11-09,7143.580078125
2017-11-10,6618.14013671875
2017-11-11,6357.60009765625
2017-11-12,5950.06982421875
2017-11-13,6559.490234375
2017-11-14,6635.75
2017-11-15,7315.5400390625
2017-11-16,7871.68994140625
2017-11-17,7708.990234375
2017-11-18,7790.14990234375
2017-11-19,8036.490234375
2017-11-20,8200.6396484375
2017-11-21,8071.259765625
2017-11-22,8253.5498046875
2017-11-23,8038.77001953125
2017-11-24,8253.6904296875
2017-11-25,8790.919921875
2017-11-26,9330.5498046875
2017-11-27,9818.349609375
2017-11-28,10058.7998046875
2017-11-29,9888.6103515625
2017-11-30,10233.599609375
2017-12-01,10975.599609375
2017-12-02,11074.599609375
2017-12-03,11323.2001953125
2017-12-04,11657.2001953125
2017-12-05,11916.7001953125
2017-12-06,14291.5
2017-12-07,17899.69921875
2017-12-08,16569.400390625
2017-12-09,15178.2001953125
2017-12-10,15455.400390625
2017-12-11,16936.80078125
2017-12-12,17415.400390625
2017-12-13,16408.19921875
2017-12-14,16564.0
2017-12-15,17706.900390625
2017-12-16,19497.400390625
2017-12-17,19140.80078125
2017-12-18,19114.19921875
2017-12-19,17776.69921875
2017-12-20,16624.599609375
2017-12-21,15802.900390625
2017-12-22,13831.7998046875
2017-12-23,14699.2001953125
2017-12-24,13925.7998046875
2017-12-25,14026.599609375
2017-12-26,16099.7998046875
2017-12-27,15838.5
2017-12-28,14606.5
2017-12-29,14656.2001953125
2017-12-30,12952.2001953125
2017-12-31,14156.400390625
2018-01-01,13657.2001953125
2018-01-02,14982.099609375
2018-01-03,15201.0
2018-01-04,15599.2001953125
2018-01-05,17429.5
2018-01-06,17527.0
2018-01-07,16477.599609375
2018-01-08,15170.099609375
2018-01-09,14595.400390625
2018-01-10,14973.2998046875
2018-01-11,13405.7998046875
2018-01-12,13980.599609375
2018-01-13,14360.2001953125
2018-01-14,13772.0
2018-01-15,13819.7998046875
2018-01-16,11490.5
2018-01-17,11188.599609375
2018-01-18,11474.900390625
2018-01-19,11607.400390625
2018-01-20,12899.2001953125
2018-01-21,11600.099609375
2018-01-22,10931.400390625
2018-01-23,10868.400390625
2018-01-24,11359.400390625
2018-01-25,11259.400390625
2018-01-26,11171.400390625
2018-01-27,11440.7001953125
2018-01-28,11786.2998046875
2018-01-29,11296.400390625
2018-01-30,10106.2998046875
2018-01-31,10221.099609375
2018-02-01,9170.5400390625
2018-02-02,8830.75
2018-02-03,9174.91015625
2018-02-04,8277.009765625
2018-02-05,6955.27001953125
2018-02-06,7754.0
2018-02-07,7621.2998046875
2018-02-08,8265.58984375
2018-02-09,8736.98046875
2018-02-10,8621.900390625
2018-02-11,8129.97021484375
2018-02-12,8926.5703125
2018-02-13,8598.3095703125
2018-02-14,9494.6298828125
2018-02-15,10166.400390625
2018-02-16,10233.900390625
2018-02-17,11112.7001953125
2018-02-18,10551.7998046875
2018-02-19,11225.2998046875
2018-02-20,11403.7001953125
2018-02-21,10690.400390625
2018-02-22,10005.0
2018-02-23,10301.099609375
2018-02-24,9813.0703125
2018-02-25,9664.73046875
2018-02-26,10366.7001953125
2018-02-27,10725.599609375
2018-02-28,10397.900390625
2018-03-01,10951.0
2018-03-02,11086.400390625
2018-03-03,11489.7001953125
2018-03-04,11512.599609375
2018-03-05,11573.2998046875
2018-03-06,10779.900390625
2018-03-07,9965.5703125
2018-03-08,9395.009765625
2018-03-09,9337.5498046875
2018-03-10,8866.0
2018-03-11,9578.6298828125
2018-03-12,9205.1201171875
2018-03-13,9194.849609375
2018-03-14,8269.8095703125
2018-03-15,8300.8603515625
2018-03-16,8338.349609375
2018-03-17,7916.8798828125
2018-03-18,8223.6796875
2018-03-19,8630.650390625
2018-03-20,8913.4697265625
2018-03-21,8929.2802734375
2018-03-22,8728.4697265625
2018-03-23,8879.6201171875
2018-03-24,8668.1201171875
2018-03-25,8495.7802734375
2018-03-25,8209.400390625
2018-03-26,7833.0400390625
2018-03-27,7954.47998046875
2018-03-28,7165.7001953125
2018-03-29,6890.52001953125
2018-03-30,6973.52978515625
2018-03-31,6844.22998046875
2018-04-01,7083.7998046875
2018-04-02,7456.10986328125
2018-04-03,6853.83984375
2018-04-04,6811.47021484375
2018-04-05,6636.31982421875
2018-04-06,6911.08984375
2018-04-07,7023.52001953125
2018-04-08,6770.72998046875
2018-04-09,6834.759765625
2018-04-10,6968.31982421875
2018-04-11,7889.25
2018-04-12,7895.9599609375
2018-04-13,7986.240234375
2018-04-14,8329.1103515625
2018-04-15,8058.669921875
2018-04-16,7902.08984375
2018-04-17,8163.419921875
2018-04-18,8294.3095703125
2018-04-19,8845.830078125
2018-04-20,8895.580078125
2018-04-21,8802.4599609375
2018-04-22,8930.8798828125
2018-04-23,9697.5
2018-04-24,8845.740234375
2018-04-25,9281.509765625
2018-04-26,8987.0498046875
2018-04-27,9348.48046875
2018-04-28,9419.080078125
2018-04-29,9240.5498046875
2018-04-30,9119.009765625
2018-05-01,9235.919921875
2018-05-02,9743.8603515625
2018-05-03,9700.759765625
2018-05-04,9858.150390625
2018-05-05,9654.7998046875
2018-05-06,9373.009765625
2018-05-07,9234.8203125
2018-05-08,9325.1796875
2018-05-09,9043.9404296875
2018-05-10,8441.490234375
2018-05-11,8504.8896484375
2018-05-12,8723.9404296875
2018-05-13,8716.7900390625
2018-05-14,8510.3798828125
2018-05-15,8368.830078125
2018-05-16,8094.31982421875
2018-05-17,8250.9697265625
2018-05-18,8247.1796875
2018-05-19,8513.25
2018-05-20,8418.990234375
2018-05-21,8041.77978515625
2018-05-22,7557.81982421875
2018-05-23,7587.33984375
2018-05-24,7480.14013671875
2018-05-25,7355.8798828125
2018-05-26,7368.22021484375
2018-05-27,7135.990234375
2018-05-28,7472.58984375
2018-05-29,7406.52001953125
2018-05-30,7494.169921875
2018-05-31,7541.4501953125
2018-06-01,7643.4501953125
2018-06-02,7720.25
2018-06-03,7514.47021484375
2018-06-04,7633.759765625
2018-06-05,7653.97998046875
2018-06-06,7678.240234375
2018-06-07,7624.919921875
2018-06-08,7531.97998046875
2018-06-09,6786.02001953125
2018-06-10,6906.919921875
2018-06-11,6582.35986328125
2018-06-12,6349.89990234375
2018-06-13,6675.35009765625
2018-06-14,6456.580078125
2018-06-15,6550.16015625
2018-06-16,6499.27001953125
2018-06-17,6734.81982421875
2018-06-18,6769.93994140625
2018-06-19,6776.5498046875
2018-06-20,6729.740234375
2018-06-21,6083.68994140625
2018-06-22,6162.47998046875
2018-06-23,6173.22998046875
2018-06-24,6249.18017578125
2018-06-25,6093.669921875
2018-06-26,6157.1298828125
2018-06-27,5903.43994140625
2018-06-28,6218.2998046875
2018-06-29,6404.0
2018-06-30,6385.81982421875
2018-07-01,6614.18017578125
2018-07-02,6529.58984375
2018-07-03,6597.5498046875
2018-07-04,6639.14013671875
2018-07-05,6673.5
2018-07-06,6856.93017578125
2018-07-07,6773.8798828125
2018-07-08,6741.75
2018-07-09,6329.9501953125
2018-07-10,6394.7099609375
2018-07-11,6228.81005859375
2018-07-12,6238.0498046875
2018-07-13,6276.1201171875
2018-07-14,6359.64013671875
2018-07-15,6741.75
2018-07-16,7321.0400390625
2018-07-17,7370.77978515625
2018-07-18,7466.85986328125
2018-07-19,7354.1298828125
2018-07-20,7419.2900390625
2018-07-21,7418.490234375
2018-07-22,7711.10986328125
2018-07-23,8424.26953125
2018-07-24,8181.39013671875
2018-07-25,7951.580078125
2018-07-26,8165.009765625
2018-07-27,8192.150390625
2018-07-28,8218.4599609375
2018-07-29,8180.47998046875
2018-07-30,7780.43994140625
2018-07-31,7624.91015625
2018-08-01,7567.14990234375
2018-08-02,7434.39013671875
2018-08-03,7032.85009765625
2018-08-04,7068.47998046875
2018-08-05,6951.7998046875
2018-08-06,6753.1201171875
2018-08-07,6305.7998046875
2018-08-08,6568.22998046875
2018-08-09,6184.7099609375
2018-08-10,6295.72998046875
2018-08-11,6322.68994140625
2018-08-12,6297.56982421875
2018-08-13,6199.7099609375
2018-08-14,6308.52001953125
2018-08-15,6334.72998046875
2018-08-16,6580.6298828125
2018-08-17,6423.759765625
2018-08-18,6506.06982421875
2018-08-19,6308.52978515625
2018-08-20,6488.759765625
2018-08-21,6376.7099609375
2018-08-22,6534.8798828125
2018-08-23,6719.9599609375
2018-08-24,6763.18994140625
2018-08-25,6707.259765625
2018-08-26,6884.64013671875
2018-08-27,7096.27978515625
2018-08-28,7047.16015625
2018-08-29,6978.22998046875
2018-08-30,7037.580078125
2018-08-31,7193.25
2018-09-01,7272.72021484375
2018-09-02,7260.06005859375
2018-09-03,7361.66015625
2018-09-04,6792.830078125
2018-09-05,6529.169921875
2018-09-06,6467.06982421875
2018-09-07,6225.97998046875
2018-09-08,6300.85986328125
2018-09-09,6329.7001953125
2018-09-10,6321.2001953125
2018-09-11,6351.7998046875
2018-09-12,6517.31005859375
2018-09-13,6512.7099609375
2018-09-14,6543.2001953125
2018-09-15,6517.18017578125
2018-09-16,6281.2001953125
2018-09-17,6371.2998046875
2018-09-18,6398.5400390625
2018-09-19,6519.669921875
2018-09-20,6734.9501953125
2018-09-21,6721.97998046875
2018-09-22,6710.6298828125
2018-09-23,6595.41015625
2018-09-24,6446.47021484375
2018-09-25,6495.0
2018-09-26,6676.75
2018-09-27,6644.1298828125
2018-09-28,6601.9599609375
2018-09-29,6625.56005859375
2018-09-30,6589.6201171875
2018-10-01,6556.10009765625
2018-10-02,6502.58984375
2018-10-03,6576.68994140625
2018-10-04,6622.47998046875
2018-10-05,6588.31005859375
2018-10-06,6602.9501953125
2018-10-07,6652.22998046875
2018-10-08,6642.64013671875
2018-10-09,6585.52978515625
2018-10-10,6256.240234375
2018-10-11,6274.580078125
2018-10-12,6285.990234375
2018-10-13,6290.93017578125
2018-10-14,6596.5400390625
2018-10-15,6596.10986328125
2018-10-16,6544.43017578125
2018-10-17,6476.7099609375
2018-10-18,6465.41015625
2018-10-19,6489.18994140625
2018-10-20,6482.35009765625
2018-10-21,6487.16015625
2018-10-22,6475.740234375
2018-10-23,6495.83984375
2018-10-24,6476.2900390625
2018-10-25,6474.75
2018-10-26,6480.3798828125
2018-10-27,6486.39013671875
2018-10-29,6332.6298828125
2018-10-30,6334.27001953125
2018-10-31,6317.60986328125
2018-11-01,6377.77978515625
2018-11-02,6388.43994140625
2018-11-03,6361.259765625
2018-11-04,6376.1298828125
2018-11-05,6419.66015625
2018-11-06,6461.009765625
2018-11-07,6530.14013671875
2018-11-08,6453.72021484375
2018-11-09,6385.6201171875
2018-11-10,6409.22021484375
2018-11-11,6411.27001953125
2018-11-12,6371.27001953125
2018-11-13,6359.490234375
2018-11-14,5738.35009765625
2018-11-15,5648.02978515625
2018-11-16,5575.5498046875
2018-11-17,5554.330078125
2018-11-18,5623.5400390625
2018-11-19,4871.490234375
2018-11-20,4451.8701171875
2018-11-21,4602.169921875
2018-11-22,4365.93994140625
2018-11-23,4347.10986328125
2018-11-24,3880.760009765625
2018-11-25,4009.969970703125
2018-11-26,3779.1298828125
2018-11-27,3820.719970703125
2018-11-28,4257.419921875
2018-11-29,4278.8466796875
2018-11-30,4017.2685546875
2018-12-01,4214.671875
2018-12-02,4139.8779296875
2018-12-03,3894.130859375
2018-12-04,3956.893798828125
2018-12-05,3753.994873046875
2018-12-06,3521.101806640625
2018-12-07,3419.937255859375
2018-12-08,3476.11474609375
2018-12-09,3614.234375
2018-12-10,3502.656005859375
2018-12-11,3424.588134765625
2018-12-12,3486.9501953125
2018-12-13,3313.67724609375
2018-12-14,3242.48486328125
2018-12-15,3236.76171875
2018-12-16,3252.839111328125
2018-12-17,3545.86474609375
2018-12-18,3696.05908203125
2018-12-19,3745.95068359375
2018-12-20,4134.44140625
2018-12-21,3896.543701171875
2018-12-22,4014.1826171875
2018-12-23,3998.980224609375
2018-12-24,4078.59912109375
2018-12-25,3815.49072265625
2018-12-26,3857.297607421875
2018-12-27,3654.83349609375
2018-12-28,3923.918701171875
2018-12-29,3820.40869140625
2018-12-30,3865.95263671875
2018-12-31,3742.700439453125
2019-01-01,3843.52001953125
2019-01-02,3943.409423828125
2019-01-03,3836.7412109375
2019-01-04,3857.717529296875
2019-01-05,3845.194580078125
2019-01-06,4076.632568359375
2019-01-07,4025.248291015625
2019-01-08,4030.847900390625
2019-01-09,4035.29638671875
2019-01-10,3678.924560546875
2019-01-11,3687.365478515625
2019-01-12,3661.301025390625
2019-01-13,3552.953125
2019-01-14,3706.05224609375
2019-01-15,3630.67529296875
2019-01-16,3655.0068359375
2019-01-17,3678.56396484375
2019-01-18,3657.83935546875
2019-01-19,3728.568359375
2019-01-20,3601.013671875
2019-01-21,3576.032470703125
2019-01-22,3604.5771484375
2019-01-23,3585.123046875
2019-01-24,3600.865478515625
2019-01-25,3599.765869140625
2019-01-26,3602.46044921875
2019-01-27,3583.9658203125
2019-01-28,3470.450439453125
2019-01-29,3448.116943359375
2019-01-30,3486.181640625
2019-01-31,3457.792724609375
2019-02-01,3487.9453125
2019-02-02,3521.060791015625
2019-02-03,3464.013427734375
2019-02-04,3459.154052734375
2019-02-05,3466.357421875
2019-02-06,3413.767822265625
2019-02-07,3399.4716796875
2019-02-08,3666.7802734375
2019-02-09,3671.20361328125
2019-02-10,3690.188232421875
2019-02-11,3648.4306640625
2019-02-12,3653.528564453125
2019-02-13,3632.070556640625
2019-02-14,3616.880859375
2019-02-15,3620.810791015625
2019-02-16,3629.78759765625
2019-02-17,3673.836181640625
2019-02-18,3915.71435546875
2019-02-19,3947.094482421875
2019-02-20,3999.820556640625
2019-02-21,3954.1181640625
2019-02-22,4005.526611328125
2019-02-23,4142.52685546875
2019-02-24,3810.427490234375
2019-02-25,3882.6962890625
2019-02-26,3854.35791015625
2019-02-27,3851.04736328125
2019-02-28,3854.785400390625
2019-03-01,3859.583740234375
2019-03-02,3864.4150390625
2019-03-03,3847.17578125
2019-03-04,3761.55712890625
2019-03-05,3896.375
2019-03-06,3903.942626953125
2019-03-07,3911.484375
2019-03-08,3901.131591796875
2019-03-09,3963.313720703125
2019-03-10,3951.599853515625
2019-03-11,3905.227294921875
2019-03-12,3909.15625
2019-03-13,3906.71728515625
2019-03-14,3924.369140625
2019-03-15,3960.9111328125
2019-03-16,4048.725830078125
2019-03-17,4025.22900390625
2019-03-18,4032.50732421875
2019-03-19,4071.190185546875
2019-03-20,4087.476318359375
2019-03-21,4029.326904296875
2019-03-22,4023.96826171875
2019-03-23,4035.826416015625
2019-03-24,4022.168212890625
2019-03-25,3963.070556640625
2019-03-26,3985.080810546875
2019-03-27,4087.066162109375
2019-03-28,4069.107177734375
2019-03-29,4098.37451171875
2019-03-30,4106.66015625
2019-03-31,4105.404296875
2019-03-31,4158.18310546875
2019-04-01,4879.8779296875
2019-04-02,4973.02197265625
2019-04-03,4922.798828125
2019-04-04,5036.68115234375
2019-04-05,5059.8173828125
2019-04-06,5198.89697265625
2019-04-07,5289.77099609375
2019-04-08,5204.95849609375
2019-04-09,5324.5517578125
2019-04-10,5064.48779296875
2019-04-11,5089.5390625
2019-04-12,5096.58642578125
2019-04-13,5167.72216796875
2019-04-14,5067.1083984375
2019-04-15,5235.5595703125
2019-04-16,5251.93798828125
2019-04-17,5298.3857421875
2019-04-18,5303.8125
2019-04-19,5337.88623046875
2019-04-20,5314.53125
2019-04-21,5399.365234375
2019-04-22,5572.36181640625
2019-04-23,5464.86669921875
2019-04-24,5210.515625
2019-04-25,5279.34814453125
2019-04-26,5268.291015625
2019-04-27,5285.13916015625
2019-04-28,5247.3525390625
2019-04-29,5350.7265625
2019-04-30,5402.697265625
2019-05-01,5505.28369140625
2019-05-02,5768.28955078125
2019-05-03,5831.16748046875
2019-05-04,5795.70849609375
2019-05-05,5746.80712890625
2019-05-06,5829.50146484375
2019-05-07,5982.45751953125
2019-05-08,6174.52880859375
2019-05-09,6378.84912109375
2019-05-10,7204.771484375
2019-05-11,6972.37158203125
2019-05-12,7814.9150390625
2019-05-13,7994.416015625
2019-05-14,8205.16796875
2019-05-15,7884.9091796875
2019-05-16,7343.8955078125
2019-05-17,7271.2080078125
2019-05-18,8197.689453125
2019-05-19,7978.30908203125
2019-05-20,7963.32763671875
2019-05-21,7680.06640625
2019-05-22,7881.8466796875
2019-05-23,7987.37158203125
2019-05-24,8052.5439453125
2019-05-25,8673.2158203125
2019-05-26,8805.7783203125
2019-05-27,8719.9619140625
2019-05-28,8659.4873046875
2019-05-29,8319.47265625
2019-05-30,8574.501953125
2019-05-31,8564.0166015625
2019-06-01,8742.9580078125
2019-06-02,8208.9951171875
2019-06-03,7707.77099609375
2019-06-04,7824.2314453125
2019-06-05,7822.0234375
2019-06-06,8043.951171875
2019-06-07,7954.1279296875
2019-06-08,7688.0771484375
2019-06-09,8000.32958984375
2019-06-10,7927.71435546875
2019-06-11,8145.857421875
2019-06-12,8230.923828125
2019-06-13,8693.8330078125
2019-06-14,8838.375
2019-06-15,8994.48828125
2019-06-16,9320.3525390625
2019-06-17,9081.7626953125
2019-06-18,9273.521484375
2019-06-19,9527.16015625
2019-06-20,10144.556640625
2019-06-21,10701.69140625
2019-06-22,10855.37109375
2019-06-23,11011.1025390625
2019-06-24,11790.9169921875
2019-06-25,13016.2314453125
2019-06-26,11182.806640625
2019-06-27,12407.33203125
2019-06-28,11959.37109375
2019-06-29,10817.1552734375
2019-06-30,10583.134765625
2019-07-01,10801.677734375
2019-07-02,11961.26953125
2019-07-03,11215.4375
2019-07-04,10978.4599609375
2019-07-05,11208.55078125
2019-07-06,11450.8466796875
2019-07-07,12285.9580078125
2019-07-08,12573.8125
2019-07-09,12156.5126953125
2019-07-10,11358.662109375
2019-07-11,11815.986328125
2019-07-12,11392.37890625
2019-07-13,10256.05859375
2019-07-14,10895.08984375
2019-07-15,9477.6416015625
2019-07-16,9693.802734375
2019-07-17,10666.482421875
2019-07-18,10530.732421875
2019-07-19,10767.1396484375
2019-07-20,10599.10546875
2019-07-21,10343.1064453125
2019-07-22,9900.767578125
2019-07-23,9811.92578125
2019-07-24,9911.841796875
2019-07-25,9870.3037109375
2019-07-26,9477.677734375
2019-07-27,9552.8603515625
2019-07-28,9519.1455078125
2019-07-29,9607.423828125
2019-07-30,10085.6279296875
2019-07-31,10399.6689453125
2019-08-01,10518.1748046875
2019-08-02,10821.7265625
2019-08-03,10970.1845703125
2019-08-04,11805.6533203125
2019-08-05,11478.1689453125
2019-08-06,11941.96875
2019-08-07,11966.4072265625
2019-08-08,11862.9365234375
2019-08-09,11354.0244140625
2019-08-10,11523.5791015625
2019-08-11,11382.6162109375
2019-08-12,10895.830078125
2019-08-13,10051.7041015625
2019-08-14,10311.5458984375
2019-08-15,10374.3388671875
2019-08-16,10231.744140625
2019-08-17,10345.810546875
2019-08-18,10916.0537109375
2019-08-19,10763.232421875
2019-08-20,10138.0498046875
2019-08-21,10131.0556640625
2019-08-22,10407.96484375
2019-08-23,10159.9609375
2019-08-24,10138.517578125
2019-08-25,10370.8203125
2019-08-26,10185.5
2019-08-27,9754.4228515625
2019-08-28,9510.2001953125
2019-08-29,9598.173828125
2019-08-30,9630.6640625
2019-08-31,9757.970703125
2019-09-01,10346.7607421875
2019-09-02,10623.5400390625
2019-09-03,10594.4931640625
2019-09-04,10575.533203125
2019-09-05,10353.302734375
2019-09-06,10517.2548828125
2019-09-07,10441.2763671875
2019-09-08,10334.974609375
2019-09-09,10115.9755859375
2019-09-10,10178.3720703125
2019-09-11,10410.126953125
2019-09-12,10360.546875
2019-09-13,10358.048828125
2019-09-14,10347.712890625
2019-09-15,10276.7939453125
2019-09-16,10241.2724609375
2019-09-17,10198.248046875
2019-09-18,10266.4150390625
2019-09-19,10181.6416015625
2019-09-20,10019.716796875
2019-09-21,10070.392578125
2019-09-22,9729.32421875
2019-09-23,8620.56640625
2019-09-24,8486.9931640625
2019-09-25,8118.9677734375
2019-09-26,8251.845703125
2019-09-27,8245.9150390625
2019-09-28,8104.185546875
2019-09-29,8293.8681640625
2019-09-30,8343.2763671875
2019-10-01,8393.0419921875
2019-10-02,8259.9921875
2019-10-03,8205.939453125
2019-10-04,8151.50048828125
2019-10-05,7988.15576171875
2019-10-06,8245.623046875
2019-10-07,8228.783203125
2019-10-08,8595.740234375
2019-10-09,8586.4736328125
2019-10-10,8321.7568359375
2019-10-11,8336.5556640625
2019-10-12,8321.005859375
2019-10-13,8374.6865234375
2019-10-14,8205.369140625
2019-10-15,8047.52685546875
2019-10-16,8103.9111328125
2019-10-17,7973.20751953125
2019-10-18,7988.560546875
2019-10-19,8222.078125
2019-10-20,8243.720703125
2019-10-21,8078.203125
2019-10-22,7514.671875
2019-10-23,7493.48876953125
2019-10-24,8660.7001953125
2019-10-25,9244.97265625
2019-10-26,9551.71484375
2019-10-28,9256.1484375
2019-10-29,9427.6875
2019-10-30,9205.7265625
2019-10-31,9199.5849609375
2019-11-01,9261.1044921875
2019-11-02,9324.7177734375
2019-11-03,9235.3544921875
2019-11-04,9412.6123046875
2019-11-05,9342.52734375
2019-11-06,9360.8798828125
2019-11-07,9267.5615234375
2019-11-08,8804.880859375
2019-11-09,8813.58203125
2019-11-10,9055.5263671875
2019-11-11,8757.7880859375
2019-11-12,8815.662109375
2019-11-13,8808.2626953125
2019-11-14,8708.0947265625
2019-11-15,8491.9921875
2019-11-16,8550.7607421875
2019-11-17,8577.9755859375
2019-11-18,8309.2861328125
2019-11-19,8206.1455078125
2019-11-20,8027.26806640625
2019-11-21,7642.75
2019-11-22,7296.57763671875
2019-11-23,7397.796875
2019-11-24,7047.9169921875
2019-11-25,7146.1337890625
2019-11-26,7218.37109375
2019-11-27,7531.66357421875
2019-11-28,7463.10595703125
2019-11-29,7761.24365234375
2019-11-30,7569.6298828125
2019-12-01,7424.29248046875
2019-12-02,7321.98828125
2019-12-03,7320.1455078125
2019-12-04,7252.03466796875
2019-12-05,7448.3076171875
2019-12-06,7546.99658203125
2019-12-07,7556.23779296875
2019-12-08,7564.34521484375
2019-12-09,7400.8994140625
2019-12-10,7278.11962890625
2019-12-11,7217.42724609375
2019-12-12,7243.13427734375
2019-12-13,7269.6845703125
2019-12-14,7124.673828125
2019-12-15,7152.3017578125
2019-12-16,6932.48046875
2019-12-17,6640.51513671875
2019-12-18,7276.802734375
2019-12-19,7202.84423828125
2019-12-20,7218.81640625
2019-12-21,7191.15869140625
2019-12-22,7511.5888671875
2019-12-23,7355.62841796875
2019-12-24,7322.5322265625
2019-12-25,7275.15576171875
2019-12-26,7238.966796875
2019-12-27,7290.08837890625
2019-12-28,7317.990234375
2019-12-29,7422.65283203125
2019-12-30,7292.9951171875
2019-12-31,7193.59912109375
2020-01-01,7200.17431640625
2020-01-02,6985.47021484375
2020-01-03,7344.88427734375
2020-01-04,7410.65673828125
2020-01-05,7411.3173828125
2020-01-06,7769.21923828125
2020-01-07,8163.6923828125
2020-01-08,8079.86279296875
2020-01-09,7879.0712890625
2020-01-10,8166.55419921875
2020-01-11,8037.53759765625
2020-01-12,8192.494140625
2020-01-13,8144.1943359375
2020-01-14,8827.7646484375
2020-01-15,8807.0107421875
2020-01-16,8723.7861328125
2020-01-17,8929.0380859375
2020-01-18,8942.80859375
2020-01-19,8706.2451171875
2020-01-20,8657.642578125
2020-01-21,8745.89453125
2020-01-22,8680.8759765625
2020-01-23,8406.515625
2020-01-24,8445.4345703125
2020-01-25,8367.84765625
2020-01-26,8596.830078125
2020-01-27,8909.8193359375
2020-01-28,9358.58984375
2020-01-29,9316.6298828125
2020-01-30,9508.9931640625
2020-01-31,9350.529296875
2020-02-01,9392.875
2020-02-02,9344.365234375
2020-02-03,9293.521484375
2020-02-04,9180.962890625
2020-02-05,9613.423828125
2020-02-06,9729.8017578125
2020-02-07,9795.943359375
2020-02-08,9865.119140625
2020-02-09,10116.673828125
2020-02-10,9856.611328125
2020-02-11,10208.236328125
2020-02-12,10326.0546875
2020-02-13,10214.3798828125
2020-02-14,10312.1162109375
2020-02-15,9889.4248046875
2020-02-16,9934.43359375
2020-02-17,9690.142578125
2020-02-18,10141.99609375
2020-02-19,9633.38671875
2020-02-20,9608.4755859375
2020-02-21,9686.44140625
2020-02-22,9663.181640625
2020-02-23,9924.515625
2020-02-24,9650.1748046875
2020-02-25,9341.705078125
2020-02-26,8820.5224609375
2020-02-27,8784.494140625
2020-02-28,8672.455078125
2020-02-29,8599.5087890625
2020-03-01,8562.4541015625
2020-03-02,8869.669921875
2020-03-03,8787.7861328125
2020-03-04,8755.24609375
2020-03-05,9078.7626953125
2020-03-06,9122.5458984375
2020-03-07,8909.9541015625
2020-03-08,8108.1162109375
2020-03-09,7923.64453125
2020-03-10,7909.7294921875
2020-03-11,7911.43017578125
2020-03-12,4970.7880859375
2020-03-13,5563.70703125
2020-03-14,5200.3662109375
2020-03-15,5392.31494140625
2020-03-16,5014.47998046875
2020-03-17,5225.62939453125
2020-03-18,5238.4384765625
2020-03-19,6191.19287109375
2020-03-20,6198.7783203125
2020-03-21,6185.06640625
2020-03-22,5830.2548828125
2020-03-23,6416.31494140625
2020-03-24,6734.8037109375
2020-03-25,6681.06298828125
2020-03-26,6716.4404296875
2020-03-27,6469.79833984375
2020-03-28,6242.19384765625
2020-03-29,6429.841796875
2020-03-29,5922.04296875
2020-03-30,6438.64453125
2020-03-31,6606.7763671875
2020-04-01,6793.62451171875
2020-04-02,6733.38720703125
2020-04-03,6867.52734375
2020-04-04,6791.12939453125
2020-04-05,7271.78125
2020-04-06,7176.41455078125
2020-04-07,7334.0986328125
2020-04-08,7302.08935546875
2020-04-09,6865.4931640625
2020-04-10,6859.0830078125
2020-04-11,6971.091796875
2020-04-12,6845.03759765625
2020-04-13,6842.427734375
2020-04-14,6642.10986328125
2020-04-15,7116.80419921875
2020-04-16,7096.1845703125
2020-04-17,7257.6650390625
2020-04-18,7189.4248046875
2020-04-19,6881.95849609375
2020-04-20,6880.3232421875
2020-04-21,7117.20751953125
2020-04-22,7429.724609375
2020-04-23,7550.90087890625
2020-04-24,7569.93603515625
2020-04-25,7679.8671875
2020-04-26,7795.60107421875
2020-04-27,7807.05859375
2020-04-28,8801.0380859375
2020-04-29,8658.5537109375
2020-04-30,8864.7666015625
2020-05-01,8988.5966796875
2020-05-02,8897.46875
2020-05-03,8912.654296875
2020-05-04,9003.0703125
2020-05-05,9268.76171875
2020-05-06,9951.5185546875
2020-05-07,9842.666015625
2020-05-08,9593.896484375
2020-05-09,8756.4306640625
2020-05-10,8601.7958984375
2020-05-11,8804.4775390625
2020-05-12,9269.9873046875
2020-05-13,9733.7216796875
2020-05-14,9328.197265625
2020-05-15,9377.013671875
2020-05-16,9670.7392578125
2020-05-17,9726.5751953125
2020-05-18,9729.0380859375
2020-05-19,9522.9814453125
2020-05-20,9081.76171875
2020-05-21,9182.5771484375
2020-05-22,9209.287109375
2020-05-23,8790.3681640625
2020-05-24,8906.9345703125
2020-05-25,8835.052734375
2020-05-26,9181.017578125
2020-05-27,9525.7509765625
2020-05-28,9439.1240234375
2020-05-29,9700.4140625
2020-05-30,9461.05859375
2020-05-31,10167.2685546875
2020-06-01,9529.8037109375
2020-06-02,9656.7177734375
2020-06-03,9800.63671875
2020-06-04,9665.533203125
2020-06-05,9653.6796875
2020-06-06,9758.8525390625
2020-06-07,9771.4892578125
2020-06-08,9795.7001953125
2020-06-09,9870.0947265625
2020-06-10,9321.78125
2020-06-11,9480.84375
2020-06-12,9475.27734375
2020-06-13,9386.7880859375
2020-06-14,9450.7021484375
2020-06-15,9538.0244140625
2020-06-16,9480.2548828125
2020-06-17,9411.8408203125
2020-06-18,9288.0185546875
2020-06-19,9332.3408203125
2020-06-20,9303.6298828125
2020-06-21,9648.7177734375
2020-06-22,9629.658203125
2020-06-23,9313.6103515625
2020-06-24,9264.8134765625
2020-06-25,9162.91796875
2020-06-26,9045.390625
2020-06-27,9143.58203125
2020-06-28,9190.8544921875
2020-06-29,9137.9931640625
2020-06-30,9228.3251953125
2020-07-01,9123.41015625
2020-07-02,9087.3037109375
2020-07-03,9132.48828125
2020-07-04,9073.9423828125
2020-07-05,9375.474609375
2020-07-06,9252.27734375
2020-07-07,9428.3330078125
2020-07-08,9277.9677734375
2020-07-09,9278.8076171875
2020-07-10,9240.3466796875
2020-07-11,9276.5
2020-07-12,9243.6142578125
2020-07-13,9243.2138671875
2020-07-14,9192.8369140625
2020-07-15,9132.2275390625
2020-07-16,9151.392578125
2020-07-17,9159.0400390625
2020-07-18,9185.8173828125
2020-07-19,9164.2314453125
2020-07-20,9374.8876953125
2020-07-21,9525.36328125
2020-07-22,9581.072265625
2020-07-23,9536.892578125
2020-07-24,9677.11328125
2020-07-25,9905.1669921875
2020-07-26,10990.873046875
2020-07-27,10912.8232421875
2020-07-28,11100.4677734375
2020-07-29,11111.2138671875
2020-07-30,11323.466796875
2020-07-31,11759.5927734375
2020-08-01,11053.6142578125
2020-08-02,11246.3486328125
2020-08-04,11747.0224609375
2020-08-05,11779.7734375
2020-08-06,11601.47265625
2020-08-07,11754.0458984375
2020-08-08,11675.7392578125
2020-08-09,11878.111328125
2020-08-10,11410.525390625
2020-08-11,11584.9345703125
2020-08-12,11784.1376953125
2020-08-13,11768.87109375
2020-08-14,11865.6982421875
2020-08-15,11892.8037109375
2020-08-16,12254.40234375
2020-08-17,11991.2333984375
2020-08-18,11758.283203125
2020-08-19,11878.3720703125
2020-08-20,11592.4892578125
2020-08-21,11681.8251953125
2020-08-22,11664.84765625
2020-08-23,11774.595703125
2020-08-24,11366.134765625
2020-08-25,11488.36328125
