,future
0,314.1659851074219
1,325.4309997558594
2,361.1889953613281
3,403.4169921875
4,411.56298828125
5,386.35400390625
6,374.4700012207031
7,386.4819946289063
8,373.3680114746094
9,380.2569885253906
10,336.8190002441406
11,311.0840148925781
12,338.1520080566406
13,336.75299072265625
14,332.906005859375
15,320.1659851074219
16,330.7510070800781
17,335.093994140625
18,334.5899963378906
19,326.14898681640625
20,322.0220031738281
21,326.927001953125
22,324.5360107421875
23,323.0459899902344
24,320.0459899902344
25,328.20599365234375
26,352.6839904785156
27,358.0419921875
28,357.3810119628906
29,371.29400634765625
30,377.3210144042969
31,362.4880065917969
32,359.18701171875
33,361.0459899902344
34,363.1830139160156
35,388.9490051269531
36,388.7829895019531
37,395.5360107421875
38,415.56298828125
39,417.56298828125
40,415.47900390625
41,451.93798828125
42,434.99700927734375
43,433.7550048828125
44,444.1820068359375
45,465.3210144042969
46,454.9339904785156
47,456.0780029296875
48,463.6159973144531
49,462.3219909667969
50,442.68499755859375
51,438.6390075683594
52,436.5719909667969
53,442.4010009765625
54,454.9849853515625
55,455.6530151367188
56,417.2739868164063
57,422.822998046875
58,422.2789916992188
59,432.9830017089844
60,426.6199951171875
61,430.5669860839844
62,434.3340148925781
63,433.43798828125
64,430.010986328125
65,433.0910034179688
66,431.9599914550781
67,429.1050109863281
68,458.0480041503906
69,453.2300109863281
70,447.6109924316406
71,447.9909973144531
72,448.4280090332031
73,435.6900024414063
74,432.3710021972656
75,430.3059997558594
76,364.33099365234375
77,387.5360107421875
78,382.2990112304688
79,387.1679992675781
80,380.1489868164063
81,420.2300109863281
82,410.2619934082031
83,382.49200439453125
84,387.4909973144531
85,402.97100830078125
86,391.72601318359375
87,392.1530151367188
88,394.97198486328125
89,380.28900146484375
90,379.4739990234375
91,378.2550048828125
92,368.7669982910156
93,373.0559997558594
94,374.447998046875
95,369.9490051269531
96,389.593994140625
97,386.5490112304688
98,376.5220031738281
99,376.6199951171875
100,373.4469909667969
101,376.0289916992188
102,381.6489868164063
103,379.6539916992188
104,384.26300048828125
105,391.8599853515625
106,407.2300109863281
107,400.18499755859375
108,407.4880065917969
109,416.3219909667969
110,422.37298583984375
111,420.7850036621094
112,437.16400146484375
113,438.7980041503906
114,437.74798583984375
115,420.7359924316406
116,424.9549865722656
117,424.54400634765625
118,432.1520080566406
119,432.5190124511719
120,433.5039978027344
121,437.6969909667969
122,435.12298583984375
123,423.989013671875
124,421.6510009765625
125,410.9389953613281
126,400.5700073242188
127,407.7070007324219
128,414.3210144042969
129,413.97198486328125
130,414.8599853515625
131,417.1310119628906
132,421.6900024414063
133,411.6239929199219
134,414.0650024414063
135,416.43798828125
136,416.8299865722656
137,417.010986328125
138,420.6210021972656
139,409.5480041503906
140,410.4440002441406
141,413.7550048828125
142,413.3070068359375
143,418.0889892578125
144,418.0409851074219
145,416.3940124511719
146,417.177001953125
147,417.9450073242188
148,426.7650146484375
149,424.2309875488281
150,416.5159912109375
151,414.8160095214844
152,416.72900390625
153,417.9599914550781
154,420.87298583984375
155,420.9039916992188
156,421.4440002441406
157,424.0299987792969
158,423.4129943847656
159,422.7449951171875
160,420.3489990234375
161,419.4110107421875
162,421.5639953613281
163,422.4830017089844
164,425.1900024414063
165,423.7340087890625
166,424.2820129394531
167,429.7130126953125
168,430.5719909667969
169,427.3989868164063
170,428.5910034179688
171,435.5090026855469
172,441.3890075683594
173,449.4249877929688
174,445.7369995117188
175,450.2820129394531
176,458.55499267578125
177,461.4259948730469
178,466.0889892578125
179,444.68701171875
180,449.010986328125
181,455.09698486328125
182,448.3179931640625
183,451.875
184,444.66900634765625
185,450.3039855957031
186,446.72198486328125
187,447.97601318359375
188,459.6029968261719
189,458.5360107421875
190,458.5480041503906
191,460.4830017089844
192,450.8949890136719
193,452.7279968261719
194,454.7659912109375
195,455.6700134277344
196,455.6709899902344
197,457.5679931640625
198,454.1629943847656
199,453.7829895019531
200,454.6189880371094
201,438.7149963378906
202,442.6759948730469
203,443.18798828125
204,439.322998046875
205,444.1549987792969
206,445.9809875488281
207,449.5989990234375
208,453.3840026855469
209,473.4639892578125
210,530.0399780273439
211,526.2329711914061
212,533.864013671875
213,531.385986328125
214,536.9199829101561
215,537.9719848632811
216,569.1939697265625
217,572.7269897460938
218,574.9769897460938
219,585.5369873046875
220,576.5969848632812
221,581.64501953125
222,574.6300048828125
223,577.469970703125
224,606.7269897460938
225,672.7839965820312
226,704.3759765625
227,685.5590209960938
228,694.468994140625
229,766.3079833984375
230,748.9089965820312
231,756.2269897460938
232,763.781005859375
233,737.2260131835938
234,666.6519775390625
235,596.1160278320312
236,623.9769897460938
237,665.2990112304688
238,665.1229858398438
239,629.3670043945312
240,655.2750244140625
241,647.0009765625
242,639.8900146484375
243,673.3369750976562
244,676.2960205078125
245,703.7020263671875
246,658.6640014648438
247,683.6619873046875
248,670.6270141601562
249,677.3309936523438
250,640.56201171875
251,666.5230102539062
252,650.9600219726562
253,649.3599853515625
254,647.6589965820312
255,664.551025390625
256,654.468017578125
257,658.0780029296875
258,663.2550048828125
259,660.7670288085938
260,679.458984375
261,673.1060180664062
262,672.864013671875
263,665.6849975585938
264,665.0120239257812
265,650.6190185546875
266,655.5560302734375
267,661.2849731445312
268,654.0969848632812
269,651.7839965820312
270,654.3519897460938
271,655.0349731445312
272,656.9920043945312
273,655.0469970703125
274,624.6810302734375
275,606.27197265625
276,547.4650268554689
277,566.35498046875
278,578.2890014648438
279,575.0430297851562
280,587.7780151367188
281,592.6900024414062
282,591.0540161132812
283,587.801025390625
284,592.10302734375
285,589.1199951171875
286,587.5590209960938
287,585.5880126953125
288,570.4730224609375
289,567.239990234375
290,577.4390258789062
291,573.2160034179688
292,574.3179931640625
293,575.6300048828125
294,581.697021484375
295,581.3079833984375
296,586.7529907226562
297,583.4149780273438
298,580.1820068359375
299,577.760986328125
300,579.6510009765625
301,569.947021484375
302,573.9119873046875
303,574.1069946289062
304,577.5029907226562
305,575.4719848632812
306,572.302978515625
307,575.5369873046875
308,598.2119750976562
309,608.6339721679688
310,606.5900268554688
311,610.4359741210938
312,614.5440063476562
313,626.3159790039062
314,622.8610229492188
315,623.5089721679688
316,606.718994140625
317,608.2429809570312
318,609.2410278320312
319,610.6840209960938
320,607.155029296875
321,606.9730224609375
322,605.9840087890625
323,609.8740234375
324,609.2269897460938
325,608.31201171875
326,597.1489868164062
327,596.2979736328125
328,602.8419799804688
329,602.625
330,600.8259887695312
331,608.0430297851562
332,606.166015625
333,604.72802734375
334,605.6929931640625
335,609.7349853515625
336,613.9829711914062
337,610.8920288085938
338,612.1329956054688
339,610.2039794921875
340,612.510986328125
341,613.02099609375
342,617.1209716796875
343,619.1079711914062
344,616.7520141601562
345,618.9940185546875
346,641.072021484375
347,636.1920166015625
348,636.7860107421875
349,640.3779907226562
350,638.64599609375
351,641.6309814453125
352,639.1929931640625
353,637.9600219726562
354,630.52001953125
355,630.8569946289062
356,632.8280029296875
357,657.2940063476562
358,657.0709838867188
359,653.760986328125
360,657.5880126953125
361,678.3040161132812
362,688.31298828125
363,689.6510009765625
364,714.47900390625
365,701.864013671875
366,700.9719848632812
367,729.7930297851562
368,740.8289794921875
369,688.7000122070312
370,703.2349853515625
371,703.4180297851562
372,711.52197265625
373,703.1309814453125
374,709.8480224609375
375,723.2730102539062
376,715.5339965820312
377,716.4110107421875
378,705.0540161132812
379,702.031005859375
380,705.02099609375
381,711.6190185546875
382,744.197998046875
383,740.9769897460938
384,751.5850219726562
385,751.6160278320312
386,731.0260009765625
387,739.2479858398438
388,751.3469848632812
389,744.593994140625
390,740.2890014648438
391,741.6489868164062
392,735.3820190429688
393,732.0349731445312
394,735.81298828125
395,735.60400390625
396,745.6909790039062
397,756.7739868164062
398,777.9439697265625
399,771.155029296875
400,773.8720092773438
401,758.7000122070312
402,764.2239990234375
403,768.1320190429688
404,770.8099975585938
405,772.7940063476562
406,774.6500244140625
407,769.7310180664062
408,780.0869750976562
409,780.5560302734375
410,781.4810180664062
411,778.0880126953125
412,784.906982421875
413,790.8289794921875
414,790.530029296875
415,792.7139892578125
416,800.8759765625
417,834.281005859375
418,864.5399780273438
419,921.9840087890624
420,898.822021484375
421,896.1829833984375
422,907.6099853515624
423,933.197998046875
424,975.9210205078124
425,973.4970092773438
426,961.2379760742188
427,963.7429809570312
428,998.3250122070312
429,1021.75
430,1043.8399658203123
431,1154.72998046875
432,1013.3800048828124
433,902.2009887695312
434,908.5850219726562
435,911.198974609375
436,902.8280029296876
437,907.6790161132812
438,777.7570190429688
439,804.833984375
440,823.9840087890625
441,818.4119873046875
442,821.7979736328125
443,831.5339965820312
444,907.93798828125
445,886.6179809570312
446,899.072998046875
447,895.0260009765625
448,921.7890014648438
449,924.6729736328124
450,921.0120239257812
451,892.68701171875
452,901.5419921875
453,917.5859985351562
454,919.75
455,921.5900268554688
456,919.4959716796876
457,920.3820190429688
458,970.4030151367188
459,989.0230102539062
460,1011.7999877929688
461,1029.9100341796877
462,1042.9000244140623
463,1027.3399658203123
464,1038.1500244140623
465,1061.3499755859377
466,1063.0699462890623
467,994.3829956054688
468,988.6740112304688
469,1004.4500122070312
470,999.1810302734376
471,990.6420288085938
472,1004.5499877929688
473,1007.47998046875
474,1027.43994140625
475,1046.2099609375
476,1054.4200439453123
477,1047.8699951171877
478,1079.97998046875
479,1115.300048828125
480,1117.43994140625
481,1166.719970703125
482,1173.6800537109375
483,1143.8399658203125
484,1165.199951171875
485,1179.969970703125
486,1179.969970703125
487,1222.5
488,1251.010009765625
489,1274.989990234375
490,1255.1500244140625
491,1267.1199951171875
492,1272.8299560546875
493,1223.5400390625
494,1150.0
495,1188.489990234375
496,1116.719970703125
497,1175.8299560546875
498,1221.3800048828125
499,1231.9200439453125
500,1240.0
501,1249.6099853515625
502,1187.81005859375
503,1100.22998046875
504,973.8179931640624
505,1036.739990234375
506,1054.22998046875
507,1120.5400390625
508,1049.1400146484377
509,1038.5899658203123
510,937.52001953125
511,972.7789916992188
512,1045.77001953125
513,966.7249755859376
514,1047.1500244140623
515,1039.969970703125
516,1026.4300537109377
517,1071.7900390625
518,1080.5
519,1102.1700439453123
520,1143.81005859375
521,1133.25
522,1124.780029296875
523,1182.6800537109375
524,1176.9000244140625
525,1175.949951171875
526,1187.8699951171875
527,1187.1300048828125
528,1205.010009765625
529,1200.3699951171875
530,1169.280029296875
531,1167.5400390625
532,1172.52001953125
533,1182.93994140625
534,1193.9100341796875
535,1211.6700439453125
536,1210.2900390625
537,1229.0799560546875
538,1222.050048828125
539,1231.7099609375
540,1207.2099609375
541,1250.1500244140625
542,1265.489990234375
543,1281.0799560546875
544,1317.72998046875
545,1316.47998046875
546,1321.7900390625
547,1347.8900146484375
548,1421.5999755859375
549,1452.8199462890625
550,1490.0899658203125
551,1537.6700439453125
552,1555.449951171875
553,1578.800048828125
554,1596.7099609375
555,1723.3499755859375
556,1755.3599853515625
557,1787.1300048828125
558,1848.5699462890625
559,1724.239990234375
560,1804.9100341796875
561,1808.9100341796875
562,1738.4300537109375
563,1734.449951171875
564,1839.0899658203125
565,1888.6500244140625
566,1987.7099609375
567,2084.72998046875
568,2041.199951171875
569,2173.39990234375
570,2320.419921875
571,2443.639892578125
572,2304.97998046875
573,2202.419921875
574,2038.8699951171875
575,2155.800048828125
576,2255.610107421875
577,2175.469970703125
578,2286.409912109375
579,2407.8798828125
580,2488.550048828125
581,2515.35009765625
582,2511.81005859375
583,2686.81005859375
584,2863.199951171875
585,2732.159912109375
586,2805.6201171875
587,2823.81005859375
588,2947.7099609375
589,2958.110107421875
590,2659.6298828125
591,2717.02001953125
592,2506.3701171875
593,2464.580078125
594,2518.56005859375
595,2655.8798828125
596,2548.2900390625
597,2589.60009765625
598,2721.7900390625
599,2689.10009765625
600,2705.409912109375
601,2744.909912109375
602,2608.719970703125
603,2589.409912109375
604,2478.449951171875
605,2552.449951171875
606,2574.7900390625
607,2539.320068359375
608,2480.840087890625
609,2434.550048828125
610,2506.469970703125
611,2564.06005859375
612,2601.639892578125
613,2601.989990234375
614,2608.56005859375
615,2518.659912109375
616,2571.340087890625
617,2518.43994140625
618,2372.56005859375
619,2337.7900390625
620,2398.840087890625
621,2357.89990234375
622,2233.340087890625
623,1998.8599853515625
624,1929.8199462890625
625,2228.409912109375
626,2318.8798828125
627,2273.429931640625
628,2817.60009765625
629,2667.760009765625
630,2810.1201171875
631,2730.39990234375
632,2754.860107421875
633,2576.47998046875
634,2529.449951171875
635,2671.780029296875
636,2809.010009765625
637,2726.449951171875
638,2757.179931640625
639,2875.340087890625
640,2718.260009765625
641,2710.669921875
642,2804.72998046875
643,2895.889892578125
644,3252.909912109375
645,3213.93994140625
646,3378.93994140625
647,3419.93994140625
648,3342.469970703125
649,3381.280029296875
650,3650.6201171875
651,3884.7099609375
652,4073.260009765625
653,4325.1298828125
654,4181.93017578125
655,4376.6298828125
656,4331.68994140625
657,4160.6201171875
658,4193.7001953125
659,4087.659912109375
660,4001.739990234375
661,4100.52001953125
662,4151.52001953125
663,4334.68017578125
664,4371.60009765625
665,4352.39990234375
666,4382.8798828125
667,4382.66015625
668,4579.02001953125
669,4565.2998046875
670,4703.39013671875
671,4892.009765625
672,4578.77001953125
673,4582.9599609375
674,4236.31005859375
675,4376.52978515625
676,4597.1201171875
677,4599.8798828125
678,4228.75
679,4226.06005859375
680,4122.93994140625
681,4161.27001953125
682,4130.81005859375
683,3882.590087890625
684,3154.949951171875
685,3637.52001953125
686,3625.0400390625
687,3582.8798828125
688,4065.199951171875
689,3924.969970703125
690,3905.949951171875
691,3631.0400390625
692,3630.699951171875
693,3792.39990234375
694,3682.840087890625
695,3926.070068359375
696,3892.35009765625
697,4200.669921875
698,4174.72998046875
699,4163.06982421875
700,4338.7099609375
701,4403.740234375
702,4409.31982421875
703,4317.47998046875
704,4229.35986328125
705,4328.41015625
706,4370.81005859375
707,4426.89013671875
708,4610.47998046875
709,4772.02001953125
710,4781.990234375
711,4826.47998046875
712,5446.91015625
713,5647.2099609375
714,5831.7900390625
715,5678.18994140625
716,5725.58984375
717,5605.509765625
718,5590.68994140625
719,5708.52001953125
720,6011.4501953125
721,6031.60009765625
722,6008.419921875
723,5930.31982421875
724,5526.64013671875
725,5750.7998046875
726,5904.830078125
727,5780.89990234375
728,5753.08984375
729,6153.85009765625
730,6130.52978515625
731,6468.39990234375
732,6767.31005859375
733,7078.5
734,7207.759765625
735,7379.9501953125
736,7407.41015625
737,7022.759765625
738,7144.3798828125
739,7459.68994140625
740,7143.580078125
741,6618.14013671875
742,6357.60009765625
743,5950.06982421875
744,6559.490234375
745,6635.75
746,7315.5400390625
747,7871.68994140625
748,7708.990234375
749,7790.14990234375
750,8036.490234375
751,8200.6396484375
752,8071.259765625
753,8253.5498046875
754,8038.77001953125
755,8253.6904296875
756,8790.919921875
757,9330.5498046875
758,9818.349609375
759,10058.7998046875
760,9888.6103515625
761,10233.599609375
762,10975.599609375
763,11074.599609375
764,11323.2001953125
765,11657.2001953125
766,11916.7001953125
767,14291.5
768,17899.69921875
769,16569.400390625
770,15178.2001953125
771,15455.400390625
772,16936.80078125
773,17415.400390625
774,16408.19921875
775,16564.0
776,17706.900390625
777,19497.400390625
778,19140.80078125
779,19114.19921875
780,17776.69921875
781,16624.599609375
782,15802.900390625
783,13831.7998046875
784,14699.2001953125
785,13925.7998046875
786,14026.599609375
787,16099.7998046875
788,15838.5
789,14606.5
790,14656.2001953125
791,12952.2001953125
792,14156.400390625
793,13657.2001953125
794,14982.099609375
795,15201.0
796,15599.2001953125
797,17429.5
798,17527.0
799,16477.599609375
800,15170.099609375
801,14595.400390625
802,14973.2998046875
803,13405.7998046875
804,13980.599609375
805,14360.2001953125
806,13772.0
807,13819.7998046875
808,11490.5
809,11188.599609375
810,11474.900390625
811,11607.400390625
812,12899.2001953125
813,11600.099609375
814,10931.400390625
815,10868.400390625
816,11359.400390625
817,11259.400390625
818,11171.400390625
819,11440.7001953125
820,11786.2998046875
821,11296.400390625
822,10106.2998046875
823,10221.099609375
824,9170.5400390625
825,8830.75
826,9174.91015625
827,8277.009765625
828,6955.27001953125
829,7754.0
830,7621.2998046875
831,8265.58984375
832,8736.98046875
833,8621.900390625
834,8129.97021484375
835,8926.5703125
836,8598.3095703125
837,9494.6298828125
838,10166.400390625
839,10233.900390625
840,11112.7001953125
841,10551.7998046875
842,11225.2998046875
843,11403.7001953125
844,10690.400390625
845,10005.0
846,10301.099609375
847,9813.0703125
848,9664.73046875
849,10366.7001953125
850,10725.599609375
851,10397.900390625
852,10951.0
853,11086.400390625
854,11489.7001953125
855,11512.599609375
856,11573.2998046875
857,10779.900390625
858,9965.5703125
859,9395.009765625
860,9337.5498046875
861,8866.0
862,9578.6298828125
863,9205.1201171875
864,9194.849609375
865,8269.8095703125
866,8300.8603515625
867,8338.349609375
868,7916.8798828125
869,8223.6796875
870,8630.650390625
871,8913.4697265625
872,8929.2802734375
873,8728.4697265625
874,8879.6201171875
875,8668.1201171875
876,8495.7802734375
877,8209.400390625
878,7833.0400390625
879,7954.47998046875
880,7165.7001953125
881,6890.52001953125
882,6973.52978515625
883,6844.22998046875
884,7083.7998046875
885,7456.10986328125
886,6853.83984375
887,6811.47021484375
888,6636.31982421875
889,6911.08984375
890,7023.52001953125
891,6770.72998046875
892,6834.759765625
893,6968.31982421875
894,7889.25
895,7895.9599609375
896,7986.240234375
897,8329.1103515625
898,8058.669921875
899,7902.08984375
900,8163.419921875
901,8294.3095703125
902,8845.830078125
903,8895.580078125
904,8802.4599609375
905,8930.8798828125
906,9697.5
907,8845.740234375
908,9281.509765625
909,8987.0498046875
910,9348.48046875
911,9419.080078125
912,9240.5498046875
913,9119.009765625
914,9235.919921875
915,9743.8603515625
916,9700.759765625
917,9858.150390625
918,9654.7998046875
919,9373.009765625
920,9234.8203125
921,9325.1796875
922,9043.9404296875
923,8441.490234375
924,8504.8896484375
925,8723.9404296875
926,8716.7900390625
927,8510.3798828125
928,8368.830078125
929,8094.31982421875
930,8250.9697265625
931,8247.1796875
932,8513.25
933,8418.990234375
934,8041.77978515625
935,7557.81982421875
936,7587.33984375
937,7480.14013671875
938,7355.8798828125
939,7368.22021484375
940,7135.990234375
941,7472.58984375
942,7406.52001953125
943,7494.169921875
944,7541.4501953125
945,7643.4501953125
946,7720.25
947,7514.47021484375
948,7633.759765625
949,7653.97998046875
950,7678.240234375
951,7624.919921875
952,7531.97998046875
953,6786.02001953125
954,6906.919921875
955,6582.35986328125
956,6349.89990234375
957,6675.35009765625
958,6456.580078125
959,6550.16015625
960,6499.27001953125
961,6734.81982421875
962,6769.93994140625
963,6776.5498046875
964,6729.740234375
965,6083.68994140625
966,6162.47998046875
967,6173.22998046875
968,6249.18017578125
969,6093.669921875
970,6157.1298828125
971,5903.43994140625
972,6218.2998046875
973,6404.0
974,6385.81982421875
975,6614.18017578125
976,6529.58984375
977,6597.5498046875
978,6639.14013671875
979,6673.5
980,6856.93017578125
981,6773.8798828125
982,6741.75
983,6329.9501953125
984,6394.7099609375
985,6228.81005859375
986,6238.0498046875
987,6276.1201171875
988,6359.64013671875
989,6741.75
990,7321.0400390625
991,7370.77978515625
992,7466.85986328125
993,7354.1298828125
994,7419.2900390625
995,7418.490234375
996,7711.10986328125
997,8424.26953125
998,8181.39013671875
999,7951.580078125
1000,8165.009765625
1001,8192.150390625
1002,8218.4599609375
1003,8180.47998046875
1004,7780.43994140625
1005,7624.91015625
1006,7567.14990234375
1007,7434.39013671875
1008,7032.85009765625
1009,7068.47998046875
1010,6951.7998046875
1011,6753.1201171875
1012,6305.7998046875
1013,6568.22998046875
1014,6184.7099609375
1015,6295.72998046875
1016,6322.68994140625
1017,6297.56982421875
1018,6199.7099609375
1019,6308.52001953125
1020,6334.72998046875
1021,6580.6298828125
1022,6423.759765625
1023,6506.06982421875
1024,6308.52978515625
1025,6488.759765625
1026,6376.7099609375
1027,6534.8798828125
1028,6719.9599609375
1029,6763.18994140625
1030,6707.259765625
1031,6884.64013671875
1032,7096.27978515625
1033,7047.16015625
1034,6978.22998046875
1035,7037.580078125
1036,7193.25
1037,7272.72021484375
1038,7260.06005859375
1039,7361.66015625
1040,6792.830078125
1041,6529.169921875
1042,6467.06982421875
1043,6225.97998046875
1044,6300.85986328125
1045,6329.7001953125
1046,6321.2001953125
1047,6351.7998046875
1048,6517.31005859375
1049,6512.7099609375
1050,6543.2001953125
1051,6517.18017578125
1052,6281.2001953125
1053,6371.2998046875
1054,6398.5400390625
1055,6519.669921875
1056,6734.9501953125
1057,6721.97998046875
1058,6710.6298828125
1059,6595.41015625
1060,6446.47021484375
1061,6495.0
1062,6676.75
1063,6644.1298828125
1064,6601.9599609375
1065,6625.56005859375
1066,6589.6201171875
1067,6556.10009765625
1068,6502.58984375
1069,6576.68994140625
1070,6622.47998046875
1071,6588.31005859375
1072,6602.9501953125
1073,6652.22998046875
1074,6642.64013671875
1075,6585.52978515625
1076,6256.240234375
1077,6274.580078125
1078,6285.990234375
1079,6290.93017578125
1080,6596.5400390625
1081,6596.10986328125
1082,6544.43017578125
1083,6476.7099609375
1084,6465.41015625
1085,6489.18994140625
1086,6482.35009765625
1087,6487.16015625
1088,6475.740234375
1089,6495.83984375
1090,6476.2900390625
1091,6474.75
1092,6480.3798828125
1093,6486.39013671875
1094,6332.6298828125
1095,6334.27001953125
1096,6317.60986328125
1097,6377.77978515625
1098,6388.43994140625
1099,6361.259765625
1100,6376.1298828125
1101,6419.66015625
1102,6461.009765625
1103,6530.14013671875
1104,6453.72021484375
1105,6385.6201171875
1106,6409.22021484375
1107,6411.27001953125
1108,6371.27001953125
1109,6359.490234375
1110,5738.35009765625
1111,5648.02978515625
1112,5575.5498046875
1113,5554.330078125
1114,5623.5400390625
1115,4871.490234375
1116,4451.8701171875
1117,4602.169921875
1118,4365.93994140625
1119,4347.10986328125
1120,3880.760009765625
1121,4009.969970703125
1122,3779.1298828125
1123,3820.719970703125
1124,4257.419921875
1125,4278.8466796875
1126,4017.2685546875
1127,4214.671875
1128,4139.8779296875
1129,3894.130859375
1130,3956.893798828125
1131,3753.994873046875
1132,3521.101806640625
1133,3419.937255859375
1134,3476.11474609375
1135,3614.234375
1136,3502.656005859375
1137,3424.588134765625
1138,3486.9501953125
1139,3313.67724609375
1140,3242.48486328125
1141,3236.76171875
1142,3252.839111328125
1143,3545.86474609375
1144,3696.05908203125
1145,3745.95068359375
1146,4134.44140625
1147,3896.543701171875
1148,4014.1826171875
1149,3998.980224609375
1150,4078.59912109375
1151,3815.49072265625
1152,3857.297607421875
1153,3654.83349609375
1154,3923.918701171875
1155,3820.40869140625
1156,3865.95263671875
1157,3742.700439453125
1158,3843.52001953125
1159,3943.409423828125
1160,3836.7412109375
1161,3857.717529296875
1162,3845.194580078125
1163,4076.632568359375
1164,4025.248291015625
1165,4030.847900390625
1166,4035.29638671875
1167,3678.924560546875
1168,3687.365478515625
1169,3661.301025390625
1170,3552.953125
1171,3706.05224609375
1172,3630.67529296875
1173,3655.0068359375
1174,3678.56396484375
1175,3657.83935546875
1176,3728.568359375
1177,3601.013671875
1178,3576.032470703125
1179,3604.5771484375
1180,3585.123046875
1181,3600.865478515625
1182,3599.765869140625
1183,3602.46044921875
1184,3583.9658203125
1185,3470.450439453125
1186,3448.116943359375
1187,3486.181640625
1188,3457.792724609375
1189,3487.9453125
1190,3521.060791015625
1191,3464.013427734375
1192,3459.154052734375
1193,3466.357421875
1194,3413.767822265625
1195,3399.4716796875
1196,3666.7802734375
1197,3671.20361328125
1198,3690.188232421875
1199,3648.4306640625
1200,3653.528564453125
1201,3632.070556640625
1202,3616.880859375
1203,3620.810791015625
1204,3629.78759765625
1205,3673.836181640625
1206,3915.71435546875
1207,3947.094482421875
1208,3999.820556640625
1209,3954.1181640625
1210,4005.526611328125
1211,4142.52685546875
1212,3810.427490234375
1213,3882.6962890625
1214,3854.35791015625
1215,3851.04736328125
1216,3854.785400390625
1217,3859.583740234375
1218,3864.4150390625
1219,3847.17578125
1220,3761.55712890625
1221,3896.375
1222,3903.942626953125
1223,3911.484375
1224,3901.131591796875
1225,3963.313720703125
1226,3951.599853515625
1227,3905.227294921875
1228,3909.15625
1229,3906.71728515625
1230,3924.369140625
1231,3960.9111328125
1232,4048.725830078125
1233,4025.22900390625
1234,4032.50732421875
1235,4071.190185546875
1236,4087.476318359375
1237,4029.326904296875
1238,4023.96826171875
1239,4035.826416015625
1240,4022.168212890625
1241,3963.070556640625
1242,3985.080810546875
1243,4087.066162109375
1244,4069.107177734375
1245,4098.37451171875
1246,4106.66015625
1247,4105.404296875
1248,4158.18310546875
1249,4879.8779296875
1250,4973.02197265625
1251,4922.798828125
1252,5036.68115234375
1253,5059.8173828125
1254,5198.89697265625
1255,5289.77099609375
1256,5204.95849609375
1257,5324.5517578125
1258,5064.48779296875
1259,5089.5390625
1260,5096.58642578125
1261,5167.72216796875
1262,5067.1083984375
1263,5235.5595703125
1264,5251.93798828125
1265,5298.3857421875
1266,5303.8125
1267,5337.88623046875
1268,5314.53125
1269,5399.365234375
1270,5572.36181640625
1271,5464.86669921875
1272,5210.515625
1273,5279.34814453125
1274,5268.291015625
1275,5285.13916015625
1276,5247.3525390625
1277,5350.7265625
1278,5402.697265625
1279,5505.28369140625
1280,5768.28955078125
1281,5831.16748046875
1282,5795.70849609375
1283,5746.80712890625
1284,5829.50146484375
1285,5982.45751953125
1286,6174.52880859375
1287,6378.84912109375
1288,7204.771484375
1289,6972.37158203125
1290,7814.9150390625
1291,7994.416015625
1292,8205.16796875
1293,7884.9091796875
1294,7343.8955078125
1295,7271.2080078125
1296,8197.689453125
1297,7978.30908203125
1298,7963.32763671875
1299,7680.06640625
1300,7881.8466796875
1301,7987.37158203125
1302,8052.5439453125
1303,8673.2158203125
1304,8805.7783203125
1305,8719.9619140625
1306,8659.4873046875
1307,8319.47265625
1308,8574.501953125
1309,8564.0166015625
1310,8742.9580078125
1311,8208.9951171875
1312,7707.77099609375
1313,7824.2314453125
1314,7822.0234375
1315,8043.951171875
1316,7954.1279296875
1317,7688.0771484375
1318,8000.32958984375
1319,7927.71435546875
1320,8145.857421875
1321,8230.923828125
1322,8693.8330078125
1323,8838.375
1324,8994.48828125
1325,9320.3525390625
1326,9081.7626953125
1327,9273.521484375
1328,9527.16015625
1329,10144.556640625
1330,10701.69140625
1331,10855.37109375
1332,11011.1025390625
1333,11790.9169921875
1334,13016.2314453125
1335,11182.806640625
1336,12407.33203125
1337,11959.37109375
1338,10817.1552734375
1339,10583.134765625
1340,10801.677734375
1341,11961.26953125
1342,11215.4375
1343,10978.4599609375
1344,11208.55078125
1345,11450.8466796875
1346,12285.9580078125
1347,12573.8125
1348,12156.5126953125
1349,11358.662109375
1350,11815.986328125
1351,11392.37890625
1352,10256.05859375
1353,10895.08984375
1354,9477.6416015625
1355,9693.802734375
1356,10666.482421875
1357,10530.732421875
1358,10767.1396484375
1359,10599.10546875
1360,10343.1064453125
1361,9900.767578125
1362,9811.92578125
1363,9911.841796875
1364,9870.3037109375
1365,9477.677734375
1366,9552.8603515625
1367,9519.1455078125
1368,9607.423828125
1369,10085.6279296875
1370,10399.6689453125
1371,10518.1748046875
1372,10821.7265625
1373,10970.1845703125
1374,11805.6533203125
1375,11478.1689453125
1376,11941.96875
1377,11966.4072265625
1378,11862.9365234375
1379,11354.0244140625
1380,11523.5791015625
1381,11382.6162109375
1382,10895.830078125
1383,10051.7041015625
1384,10311.5458984375
1385,10374.3388671875
1386,10231.744140625
1387,10345.810546875
1388,10916.0537109375
1389,10763.232421875
1390,10138.0498046875
1391,10131.0556640625
1392,10407.96484375
1393,10159.9609375
1394,10138.517578125
1395,10370.8203125
1396,10185.5
1397,9754.4228515625
1398,9510.2001953125
1399,9598.173828125
1400,9630.6640625
1401,9757.970703125
1402,10346.7607421875
1403,10623.5400390625
1404,10594.4931640625
1405,10575.533203125
1406,10353.302734375
1407,10517.2548828125
1408,10441.2763671875
1409,10334.974609375
1410,10115.9755859375
1411,10178.3720703125
1412,10410.126953125
1413,10360.546875
1414,10358.048828125
1415,10347.712890625
1416,10276.7939453125
1417,10241.2724609375
1418,10198.248046875
1419,10266.4150390625
1420,10181.6416015625
1421,10019.716796875
1422,10070.392578125
1423,9729.32421875
1424,8620.56640625
1425,8486.9931640625
1426,8118.9677734375
1427,8251.845703125
1428,8245.9150390625
1429,8104.185546875
1430,8293.8681640625
1431,8343.2763671875
1432,8393.0419921875
1433,8259.9921875
1434,8205.939453125
1435,8151.50048828125
1436,7988.15576171875
1437,8245.623046875
1438,8228.783203125
1439,8595.740234375
1440,8586.4736328125
1441,8321.7568359375
1442,8336.5556640625
1443,8321.005859375
1444,8374.6865234375
1445,8205.369140625
1446,8047.52685546875
1447,8103.9111328125
1448,7973.20751953125
1449,7988.560546875
1450,8222.078125
1451,8243.720703125
1452,8078.203125
1453,7514.671875
1454,7493.48876953125
1455,8660.7001953125
1456,9244.97265625
1457,9551.71484375
1458,9256.1484375
1459,9427.6875
1460,9205.7265625
1461,9199.5849609375
1462,9261.1044921875
1463,9324.7177734375
1464,9235.3544921875
1465,9412.6123046875
1466,9342.52734375
1467,9360.8798828125
1468,9267.5615234375
1469,8804.880859375
1470,8813.58203125
1471,9055.5263671875
1472,8757.7880859375
1473,8815.662109375
1474,8808.2626953125
1475,8708.0947265625
1476,8491.9921875
1477,8550.7607421875
1478,8577.9755859375
1479,8309.2861328125
1480,8206.1455078125
1481,8027.26806640625
1482,7642.75
1483,7296.57763671875
1484,7397.796875
1485,7047.9169921875
1486,7146.1337890625
1487,7218.37109375
1488,7531.66357421875
1489,7463.10595703125
1490,7761.24365234375
1491,7569.6298828125
1492,7424.29248046875
1493,7321.98828125
1494,7320.1455078125
1495,7252.03466796875
1496,7448.3076171875
1497,7546.99658203125
1498,7556.23779296875
1499,7564.34521484375
1500,7400.8994140625
1501,7278.11962890625
1502,7217.42724609375
1503,7243.13427734375
1504,7269.6845703125
1505,7124.673828125
1506,7152.3017578125
1507,6932.48046875
1508,6640.51513671875
1509,7276.802734375
1510,7202.84423828125
1511,7218.81640625
1512,7191.15869140625
1513,7511.5888671875
1514,7355.62841796875
1515,7322.5322265625
1516,7275.15576171875
1517,7238.966796875
1518,7290.08837890625
1519,7317.990234375
1520,7422.65283203125
1521,7292.9951171875
1522,7193.59912109375
1523,7200.17431640625
1524,6985.47021484375
1525,7344.88427734375
1526,7410.65673828125
1527,7411.3173828125
1528,7769.21923828125
1529,8163.6923828125
1530,8079.86279296875
1531,7879.0712890625
1532,8166.55419921875
1533,8037.53759765625
1534,8192.494140625
1535,8144.1943359375
1536,8827.7646484375
1537,8807.0107421875
1538,8723.7861328125
1539,8929.0380859375
1540,8942.80859375
1541,8706.2451171875
1542,8657.642578125
1543,8745.89453125
1544,8680.8759765625
1545,8406.515625
1546,8445.4345703125
1547,8367.84765625
1548,8596.830078125
1549,8909.8193359375
1550,9358.58984375
1551,9316.6298828125
1552,9508.9931640625
1553,9350.529296875
1554,9392.875
1555,9344.365234375
1556,9293.521484375
1557,9180.962890625
1558,9613.423828125
1559,9729.8017578125
1560,9795.943359375
1561,9865.119140625
1562,10116.673828125
1563,9856.611328125
1564,10208.236328125
1565,10326.0546875
1566,10214.3798828125
1567,10312.1162109375
1568,9889.4248046875
1569,9934.43359375
1570,9690.142578125
1571,10141.99609375
1572,9633.38671875
1573,9608.4755859375
1574,9686.44140625
1575,9663.181640625
1576,9924.515625
1577,9650.1748046875
1578,9341.705078125
1579,8820.5224609375
1580,8784.494140625
1581,8672.455078125
1582,8599.5087890625
1583,8562.4541015625
1584,8869.669921875
1585,8787.7861328125
1586,8755.24609375
1587,9078.7626953125
1588,9122.5458984375
1589,8909.9541015625
1590,8108.1162109375
1591,7923.64453125
1592,7909.7294921875
1593,7911.43017578125
1594,4970.7880859375
1595,5563.70703125
1596,5200.3662109375
1597,5392.31494140625
1598,5014.47998046875
1599,5225.62939453125
1600,5238.4384765625
1601,6191.19287109375
1602,6198.7783203125
1603,6185.06640625
1604,5830.2548828125
1605,6416.31494140625
1606,6734.8037109375
1607,6681.06298828125
1608,6716.4404296875
1609,6469.79833984375
1610,6242.19384765625
1611,5922.04296875
1612,6429.841796875
1613,6438.64453125
1614,6606.7763671875
1615,6793.62451171875
1616,6733.38720703125
1617,6867.52734375
1618,6791.12939453125
1619,7271.78125
1620,7176.41455078125
1621,7334.0986328125
1622,7302.08935546875
1623,6865.4931640625
1624,6859.0830078125
1625,6971.091796875
1626,6845.03759765625
1627,6842.427734375
1628,6642.10986328125
1629,7116.80419921875
1630,7096.1845703125
1631,7257.6650390625
1632,7189.4248046875
1633,6881.95849609375
1634,6880.3232421875
1635,7117.20751953125
1636,7429.724609375
1637,7550.90087890625
1638,7569.93603515625
1639,7679.8671875
1640,7795.60107421875
1641,7807.05859375
1642,8801.0380859375
1643,8658.5537109375
1644,8864.7666015625
1645,8988.5966796875
1646,8897.46875
1647,8912.654296875
1648,9003.0703125
1649,9268.76171875
1650,9951.5185546875
1651,9842.666015625
1652,9593.896484375
1653,8756.4306640625
1654,8601.7958984375
1655,8804.4775390625
1656,9269.9873046875
1657,9733.7216796875
1658,9328.197265625
1659,9377.013671875
1660,9670.7392578125
1661,9726.5751953125
1662,9729.0380859375
1663,9522.9814453125
1664,9081.76171875
1665,9182.5771484375
1666,9209.287109375
1667,8790.3681640625
1668,8906.9345703125
1669,8835.052734375
1670,9181.017578125
1671,9525.7509765625
1672,9439.1240234375
1673,9700.4140625
1674,9461.05859375
1675,10167.2685546875
1676,9529.8037109375
1677,9656.7177734375
1678,9800.63671875
1679,9665.533203125
1680,9653.6796875
1681,9758.8525390625
1682,9771.4892578125
1683,9795.7001953125
1684,9870.0947265625
1685,9321.78125
1686,9480.84375
1687,9475.27734375
1688,9386.7880859375
1689,9450.7021484375
1690,9538.0244140625
1691,9480.2548828125
1692,9411.8408203125
1693,9288.0185546875
1694,9332.3408203125
1695,9303.6298828125
1696,9648.7177734375
1697,9629.658203125
1698,9313.6103515625
1699,9264.8134765625
1700,9162.91796875
1701,9045.390625
1702,9143.58203125
1703,9190.8544921875
1704,9137.9931640625
1705,9228.3251953125
1706,9123.41015625
1707,9087.3037109375
1708,9132.48828125
1709,9073.9423828125
1710,9375.474609375
1711,9252.27734375
1712,9428.3330078125
1713,9277.9677734375
1714,9278.8076171875
1715,9240.3466796875
1716,9276.5
1717,9243.6142578125
1718,9243.2138671875
1719,9192.8369140625
1720,9132.2275390625
1721,9151.392578125
1722,9159.0400390625
1723,9185.8173828125
1724,9164.2314453125
1725,9374.8876953125
1726,9525.36328125
1727,9581.072265625
1728,9536.892578125
1729,9677.11328125
1730,9905.1669921875
1731,10990.873046875
1732,10912.8232421875
1733,11100.4677734375
1734,11111.2138671875
